album;artist;name;genre;duration
Norman Fucking Rockwell! (2019);Lana Del Rey;Happiness Is a Butterfly;76;138
Odessa (2010);Caribou;Odessa;79;186
Hold On, We're Going Home (2013);Drake;Hold On, We're Going Home;148;152
Dancing Choose (2009);TV on the Radio;Dancing Choose;72;696
Feeling So Real (1994);Moby;Feeling So Real;163;948
Black Skinhead (2013);Kanye West;Black Skinhead;61;345
Miracle Mile (2013);Cold War Kids;Miracle Mile;122;439
The Sun Always Shines on T.V. / Driftwood (1985);a-ha;The Sun Always Shines on T.V.;42;218
White Noise (2013);Disclosure;White Noise;54;844
Trouble Will Find Me (2013);The National;Pink Rabbits;95;159
Monster (2010);Kanye West;Monster;140;385
Reflektor (2013);Arcade Fire;Afterlife;15;852
She's the One (1997);World Party;She's the One;135;956
Distortions (2000);Clinic;Distortions;121;827
Going to a Go-Go / Beast of Burden;The Rolling Stones;Beast of Burden;118;611
Running Up That Hill / Under the Ivy (1985);Kate Bush;Running Up That Hill / Under the Ivy;162;344
What'd I Say (Part 1) / What'd I Say (Part 2) (1959);Ray Charles;What'd I Say;139;931
C'mon C'mon (2004);The Von Bondies;C'mon C'mon;58;678
Dancing on My Own (2010);Robyn;Dancing on My Own;158;474
Across 110th Street / Hang On in There (1973);Bobby Womack;Across 110th Street;140;733
Iris (1998);Goo Goo Dolls;Iris;47;557
Celebrity Skin (1998);Hole;Celebrity Skin;54;617
The Blueprint (2001);Jay-Z;Takeover;175;616
Free Fallin' (1989);Tom Petty;Free Fallin';72;563
No Diggity (1996);Blackstreet;No Diggity;49;721
Wouldn't It Be Nice (Stereo) / Wouldn't It Be Nice (Mono) (1971);Beach Boys;Wouldn't It Be Nice (Stereo) / Wouldn't It Be Nice (Mono);70;933
Umbrella (2007);Rihanna;Umbrella;18;494
Young Turks (1981);Rod Stewart;Young Turks;180;500
Stuck Between Stations (2007);The Hold Steady;Stuck Between Stations;31;843
Goodbye Horses / White Lines (1991);Q Lazzarus;Goodbye Horses / White Lines;178;859
Hero (2001);Enrique Iglesias;Hero;182;233
Rebel Rebel / Queen Bitch (1974);Bowie;Queen Bitch;31;775
Rushmore (1999);Various Artists;Cat Stevens - The Wind;93;869
Get Lucky (2013);Daft Punk;Get Lucky;95;288
Diane Young / Step (2013);Vampire Weekend;Diane Young;51;187
You've Lost That Lovin' Feelin' / There's a Woman (1964);The Righteous Brothers;You've Lost That Lovin' Feelin';81;629
Mundian to bach ke (2002);Panjabi MC;Mundian to bach ke;126;295
Run (2004);Snow Patrol;Run;47;675
Gabriel (2011);Joe Goddard;ADVERTISEMENT;174;947
Just What I Needed (1978);The Cars;Just What I Needed;163;764
Swim (2010);Surfer Blood;Swim;66;583
Last Goodbye / Lover You Should Have Come Over / Tongue (1995);Jeff Buckley;Last Goodbye / Lover You Should Have Come Over / Tongue;180;715
Transmission / Novelty (1979);Joy Division;Transmission / Novelty;147;470
The Fear (2009);Lily Allen;The Fear;70;371
In Your Eyes (1989);Peter Gabriel;In Your Eyes;121;747
In Bloom (1992);Nirvana;In Bloom;76;388
My Way (2008);Sid Vicious;My Way;120;694
King Kunta (2015);Kendrick Lamar;King Kunta;132;857
Gold Soundz (1994);Pavement;Gold Soundz;134;134
Psycho Killer / I Wish You Wouldn't Say That (1977);Talking Heads;Psycho Killer / I Wish You Wouldn't Say That;92;605
Wild Thing (1981);The Troggs;Wild Thing;67;183
Try a Little Tenderness / I'm Sick Y'all (1966);Otis Redding;Try a Little Tenderness;96;441
Another Brick in the Wall (1979);Pink Floyd;Another Brick in the Wall;82;649
Sledgehammer (1986);Peter Gabriel;Sledgehammer;36;563
The Boxer (2005);The Chemical Brothers;The Boxer;8;718
Gulag Orkestar (2006);Beirut;Postcards From Italy;64;618
Raindrops (2009);Basement Jaxx;Raindrops;153;956
Shake, Rattle and Roll / You Know I Love You (1954);Joe Turner and His Blues Kings;Shake, Rattle and Roll;155;954
Fluorescent Adolescent (2007);Arctic Monkeys;Fluorescent Adolescent;114;278
Electric Avenue (2001);Eddy Grant;Electric Avenue;72;898
Driftwood (1999);Travis;Driftwood;117;404
The Funeral (2006);Band of Horses;The Funeral;188;253
God Loves You When You're Dancing (2013);Vance Joy;Riptide;8;670
Harder Than You Think / Amerikan Gangster (2007);Public Enemy;Harder Than You Think;74;213
Heroes and Villains Part 1 / Heroes and Villains Part 2 (2011);The Beach Boys;Heroes and Villains;17;283
I Feel Better (2010);Hot Chip;I Feel Better;96;892
Reflektor (2013);The Reflektors;Reflektor;42;350
I Fought the Law / Little Annie Lou (1965);Bobby Fuller Four;I Fought the Law;10;536
Ambling Alp (2009);Yeasayer;Ambling Alp;185;724
Itchycoo Park (1967);Small Faces;Itchycoo Park;109;920
Wet and Rusting / Gay A (2007);Menomena;Wet and Rusting;150;877
At Mount Zoomer (2008);Wolf Parade;California Dreamer;190;656
Purple Haze / 51st Anniversary (1967);Jimi Hendrix Experience;Purple Haze;112;760
Cecilia / The Only Living Boy in New York (1970);Simon & Garfunkel;Cecilia;0;135
You Can't Hurry Love (1998);Phil Collins;You Can't Hurry Love;79;545
Chelsea Girl (1967);Nico;These Days;144;234
Can't Stop (2003);Red Hot Chili Peppers;Can't Stop;7;375
Today's Supernatural (2012);Animal Collective;Today's Supernatural;24;426
Respect (1967);Aretha Franklin;R.E.S.P.E.C.T.;56;715
This Is '98 (1998);Aslan;This Is '98;103;386
Romeo (2001);Basement Jaxx;Romeo;178;264
While My Guitar Gently Weeps / Blackbird (1996);The Beatles;Blackbird;75;558
Heaven Is a Place on Earth / We Can Change (1987);Belinda Carlisle;Heaven Is a Place on Earth / We Can Change;28;189
Groove Is in the Heart (1990);Deee-Lite;Groove Is in the Heart;28;426
Living for the City / Visions (1973);Stevie Wonder;Living for the City;149;243
Shine Blockas (2009);Big Boi;Shine Blockas;35;226
Sunshine Superman / The Trip (1966);Donovan;Sunshine Superman;69;190
Fight Test (2003);The Flaming Lips;Fight Test;117;829
Lucky Man;The Verve;ADVERTISEMENT;136;925
Gold Digger (2005);Kanye West;Gold Digger;95;462
A Girl Like You (1994);Edwyn Collins;A Girl Like You;34;442
Eye of the Tiger (1982);Survivor;Eye of the Tiger;40;669
Today (1993);Smashing Pumpkins;Today;132;174
Jealous Guy (1988);John Lennon;Jealous Guy;2;927
Breakfast at Tiffany's (1996);Deep Blue Something;Breakfast at Tiffany's;15;214
Burn the Witch (2016);Radiohead;Burn the Witch;28;195
Ultralight Beam (2016);Kanye West;Ultralight Beam;34;369
The System Only Dreams in Total Darkness (2017);The National;The System Only Dreams in Total Darkness;151;848
A 1000 Times (2016);Hamilton Leithauser + Rostam;A 1000 Times;67;227
Drunk Drivers / Killer Whales (2016);Car Seat Headrest;Drunk Drivers / Killer Whales;51;159
Famous (2016);Kanye West;Famous;32;621
Loud Places (Remixes) (2015);Jamie xx;Loud Places (Remixes);108;687
Tamacun / Amuleto (2006);Rodrigo y Gabriela;Tamacun;39;197
Pumped Up Kicks (2010);Foster the People;Pumped Up Kicks;2;196
Drinking in L.A. (1997);Bran Van 3000;Drinking in L.A.;46;194
Funeral (2004);Arcade Fire;Crown of Love;129;479
Surrender (1978);Cheap Trick;Surrender;37;268
When You Were Young (2006);The Killers;When You Were Young;28;799
Trouble (2000);Coldplay;Trouble;18;559
The Daily Mail / Staircase (2011);Radiohead;The Daily Mail;77;694
Fear Fun (2012);Father John Misty;Funtimes in Babylon;103;926
Superstition (1972);Stevie Wonder;Superstition;90;900
Turning Japanese / Talk Talk (1980);The Vapors;Turning Japanese;110;201
The Stone Roses (1989);The Stone Roses;This Is The One;156;847
It Was a Very Good Year (1965);Frank Sinatra;It Was a Very Good Year;29;432
Ob-la-di, Ob-la-da / While My Guitar Gently Weeps (1969);The Beatles;While My Guitar Gently Weeps;8;599
Dear Science (2008);TV on the Radio;DLZ;144;806
Portions for Foxes (2005);Rilo Kiley;Portions for Foxes;122;163
Silent Alarm (2005);Bloc Party;This Modern Love;137;773
Temptation / Let Me Go (1992);Heaven 17;Temptation;62;148
Highway to Hell / Highway to Hell (1979);AC/DC;Highway to Hell / Highway to Hell;129;371
Touch Me / People Are Strange (1973);The Doors;People Are Strange;137;278
Are You Ready for Love (2003);Elton John;Are You Ready for Love;101;567
Only You (1999);Yazoo;Only You;82;465
Fix You (2005);Coldplay;Fix You;1;553
Surfin' Bird / King of the Surf (1963);The Trashmen;Surfin' Bird;72;902
Ya Mama (2001);Fatboy Slim;Ya Mama;154;783
Fiesta (1988);The Pogues;Fiesta;83;799
Played-A-Live (The Bongo Song) (2001);Safri Duo;Played-A-Live (The Bongo Song);67;917
White Flag (2003);Dido;White Flag;27;259
The Greatest (2006);Cat Power;The Greatest;4;607
Nine Types of Light (2011);TV on the Radio;Killer Crane;167;579
Fisherman's Blues / Lost Highway (1988);The Waterboys;Fisherman's Blues / Lost Highway;33;138
Hurdy Gurdy Man (1991);Donovan;Hurdy Gurdy Man;182;231
Polly (1994);Nirvana;Polly;37;763
Angie / Silver Train (1973);The Rolling Stones;Angie;52;295
Honey Bunny (2011);Girls;Honey Bunny;38;755
Bennie and the Jets / Harmony (1974);Elton John;Bennie and the Jets;152;182
Because of the Times (2007);Kings of Leon;Black Thumbnail;187;509
Sweet Disposition (2009);The Temper Trap;Sweet Disposition;90;718
Everything Is Wrong (1995);Moby;God Moving Over the Face of the Waters;82;304
Icky Thump (2007);The White Stripes;Icky Thump;155;294
Oh Mandy (2006);The Spinto Band;Oh Mandy;119;716
Fernando / Hey, Hey Helen (1976);ABBA;Fernando;116;455
Wicked Game (1990);Chris Isaak / Angelo Badalamenti;Wicked Game;5;695
A Little Less Conversation (2002);Elvis vs JXL;A Little Less Conversation;179;674
Humbug (2009);Arctic Monkeys;Secret Door;129;195
Let It Bleed (1969);The Rolling Stones;Monkey Man;18;542
Blood Bank (2009);Bon Iver;Blood Bank;171;639
Drive (1984);The Cars;Drive;155;867
Scar Tissue (1999);Red Hot Chili Peppers;Scar Tissue;117;443
I Walk the Line (1964);Johnny Cash;I Walk the Line;66;646
Mellon Collie and the Infinite Sadness (1995);The Smashing Pumpkins;Zero;69;517
Heartbeats (2006);Jose Gonzalez;Heartbeats;74;122
The Masterplan (1998);Oasis;The Masterplan;86;818
Hey Ma (2002);Cam'ron;Hey Ma;72;168
St. Swithin's Day / A New England (1985);Billy Bragg;A New England;8;318
Whatever People Say I Am, That's What I'm Not (2006);Arctic Monkeys;Mardy Bum;56;540
Intergalactic (1998);Beastie Boys;Intergalactic;108;671
An Honest Mistake (2005);The Bravery;An Honest Mistake;189;633
Battle Without Honor or Humanity (2004);Tomoyasu Hotei;Battle Without Honor or Humanity;156;222
Do It Again (2007);The Chemical Brothers;Do It Again;39;649
Sweet Child o' Mine / Sweet Child o' Mine (1989);Guns n' Roses;Sweet Child o' Mine / Sweet Child o' Mine;54;653
Town Called Malice / Town Called Malice (1982);The Jam;Town Called Malice / Town Called Malice;148;643
Down Under (1981);Men at Work;Down Under;7;575
House of Balloons (2011);The Weeknd;The Morning;173;692
Darkbloom (2011);Grimes / d'Eon;Vanessa;122;289
Wetsuit / Tiger Blood (2011);The Vaccines;Wetsuit;1;822
20th Century Boy / Bob Lennon (2009);T. Rex / Naoki Urasawa;20th Century Boy;106;390
Falling Slowly (2007);The Swell Season;Falling Slowly;103;589
Boxer (2007);The National;Ada;146;955
Miss You / Faraway Eyes (1978);The Rolling Stones;Miss You;35;402
Summer in the City (1995);The Lovin' Spoonful;Summer in the City;9;517
Red Right Hand (1994);Nick Cave & The Bad Seeds;Red Right Hand;62;541
Daysleeper (1998);R.E.M.;Daysleeper;189;621
Cum On Feel the Noize / Run for Cover (1983);Quiet Riot;Cum On Feel the Noize;153;842
Daddy's Gone (2008);Glasvegas;Daddy's Gone;95;252
Nothing Compares 2 U (1990);Sinead O'Connor;Nothing Compares 2 U;133;275
L'amour toujours (2001);Gigi D'Agostino;L'amour toujours;101;124
An American Trilogy / The First Time Ever I Saw Your Face (1972);Elvis Presley;An American Trilogy;78;375
The Hollows (2007);WHY?;The Hollows;23;449
Opposite of Adults (2010);Chiddy Bang;Opposite of Adults;152;831
Solsbury Hill (1983);Peter Gabriel;Solsbury Hill;153;489
Home Is Where You Hang Yourself;Her Space Holiday;I'll Believe in Anything;38;906
Laura (2012);Bat for Lashes;Laura;93;780
What Is Love (1993);Haddaway;What Is Love;109;623
Brown Sugar / Bitch / Let It Rock (Live) (1971);The Rolling Stones;Brown Sugar;26;813
Avril 14th;Aphex Twin;Aphex Twin;31;949
Mine Is Yours (2011);Cold War Kids;Bulldozer;171;246
Around the World (1997);Daft Punk;Around the World;157;653
Proud Mary / Born on the Bayou (1969);Creedence Clearwater Revival;Proud Mary;54;358
In the Ghetto (2007);Elvis Presley;In the Ghetto;37;671
Kelly (2006);Van She;Kelly;60;895
Blueberry Hill / Honey Chile (1956);Fats Domino;Blueberry Hill;38;518
Song for Whoever / Straight in at 37 / You and Your Big Ideas (1989);The Beautiful South;Song for Whoever / Straight in at 37 / You and Your Big Ideas;152;660
iTunes Session (2010);Vampire Weekend;I'm Going Down;98;754
Don't Worry Be Happy / Simple Pleasures (1988);Bobby McFerrin;Don't Worry Be Happy / Simple Pleasures;72;484
Calling It Quits (2001);Aimee Mann;One;151;756
Natural Blues (2000);Moby;Natural Blues;41;378
All I Need (1998);AIR;All I Need;16;603
SOS (2006);Rihanna;SOS;71;148
Day Tripper / We Can Work it Out (1982);The Beatles;We Can Work It Out;69;443
Going Underground / The Dreams of Children (1980);The Jam;Going Underground;174;165
Monkey Gone to Heaven / Manta Ray / Weird at My School / Dancing the Manta Ray (1989);Pixies;Monkey Gone to Heaven / Manta Ray / Weird at My School / Dancing the Manta Ray;58;807
Time to Burn (2000);Storm;Time to Burn;30;748
Vampire Weekend (2008);Vampire Weekend;M79;81;787
We're Going to Be Friends (2002);The White Stripes;We're Going to Be Friends;114;925
Gimme Fiction (2005);Spoon;I Summon You;142;137
Man We Was Lonely / Maybe I'm Amazed (1970);Paul McCartney;Maybe I'm Amazed;119;487
Beat It (1982);Michael Jackson;Beat It;160;218
Crimson and Clover / Some Kind of Love (1968);Tommy James & The Shondells;Crimson and Clover;134;655
Hearts of Oak (2003);Ted Leo / Pharmacists;Where Have All The Rude Boys Gone?;19;707
Over the Rainbow / What a Wonderful World (2006);Israel Kamakawiwo?ole;Over the Rainbow / What a Wonderful World;166;700
The Sounds of Silence / Mrs. Robinson (1968);Simon & Garfunkel;Mrs. Robinson;126;655
Oblivion (2012);Grimes;Oblivion;65;576
We Used to Wait (2010);Arcade Fire;We Used to Wait;155;822
Turn! Turn! Turn! / She Don't Care About Time (1965);The Byrds;Turn! Turn! Turn!;120;468
Expo 86 (2010);Wolf Parade;Pobody's Nerfect;159;203
The Passenger (1998);Iggy Pop;The Passenger;80;221
Friday I'm in Love (1992);Cure;Friday I'm in Love;110;566
Buck Rogers (2001);Feeder;Buck Rogers;7;338
Le Tigre (1999);Le Tigre;Deceptacon;135;565
Sultans of Swing / Eastbound Train (1982);Dire Straits;Sultans of Swing / Eastbound Train;55;191
Heads Will Roll / Heads Will Roll (Passion Pit Remix) (2009);Yeah Yeah Yeahs;Heads Will Roll / Heads Will Roll (Passion Pit Remix);17;772
Killing Me Softly (1996);Fugees;Killing Me Softly;63;730
Killer Queen / Flick of the Wrist (1974);Queen;Killer Queen;142;612
My Sharona / Let Me Out (1979);The Knack;My Sharona;169;530
You Got Yr. Cherry Bomb (2008);Spoon;You Got Yr. Cherry Bomb;116;286
The Words That Maketh Murder (2011);PJ Harvey;The Words That Maketh Murder;138;547
Young Hearts Spark Fire (2009);Japandroids;Young Hearts Spark Fire;35;582
She Wants to Move (2004);N*E*R*D;She Wants to Move;85;598
Do You Realize?? (2002);The Flaming Lips;Do You Realize??;150;450
Over the Hills and Far Away (1973);Led Zeppelin;Over the Hills and Far Away;67;145
House of Jealous Lovers (2002);The Rapture;House of Jealous Lovers;37;286
Secret Meeting (2005);The National;Secret Meeting;86;455
The Warm Heart of Africa (2009);The Very Best;The Warm Heart of Africa feat. Ezra Koenig;135;406
Percussion Gun (2010);White Rabbits;Percussion Gun;148;814
Rill Rill (Clique NewTrends Remix) (2011);Sleigh Bells;Rill Rill (Clique NewTrends Remix);71;250
Love Me Like You (2005);The Magic Numbers;Love Me Like You;116;598
Three Times a Lady / Look What You've Done to Me (1978);Commodores;Three Times a Lady;8;931
Mmm Mmm Mmm Mmm (1993);Crash Test Dummies;Mmm Mmm Mmm Mmm;86;121
Boys Don't Cry / Plastic Passion (1979);The Cure;Boys Don't Cry;183;551
Make Me Smile (Come Up and See Me) / Another Journey (1975);Steve Harley and Cockney Rebel;Make Me Smile (Come Up and See Me);92;819
The Message (1982);Grandmaster Flash & The Furious Five;The Message;79;485
American Boy (2008);Estelle;American Boy;117;500
Nightcall (2010);Kavinsky;Nightcall;179;177
Golden Skans (2007);Klaxons;Golden Skans;148;434
This Charming Man / Accept Yourself / Wonderful Woman (1983);The Smiths;This Charming Man / Accept Yourself / Wonderful Woman;102;122
You Sexy Thing / A Warm Smile (1975);Hot Chocolate;You Sexy Thing;178;665
The Monitor (2010);Titus Andronicus;A More Perfect Union;185;635
I'm Not There;Marcus Carl Franklin;When The Ship Comes In;141;305
Apologies to the Queen Mary (2005);Wolf Parade;Grounds for Divorce;50;894
We Bros (2011);WU LYF;We Bros;144;620
Let's Make Love and Listen to Death From Above / Acho um pouco bom (2006);Cansei de Ser Sexy;Let's Make Love and Listen to Death From Above;52;933
Forever (2008);Chris Brown;Forever;113;603
Call Me Maybe (2011);Carly Rae Jepsen;Call Me Maybe;111;751
The Importance of Being Idle / Pass Me Down the Wine (2005);Oasis;ADVERTISEMENT;167;540
I'm on My Way / Over and Done With (1989);The Proclaimers;Over and Done With;175;446
Pretty Fly (For a White Guy) (1998);The Offspring;Pretty Fly (For a White Guy);29;337
Juicebox (2005);The Strokes;Juicebox;17;795
Homecoming (2007);The Teenagers;Homecoming;130;519
A Design for Life (1996);Manic Street Preachers;A Design for Life;119;430
Standing in the Way of Control (2007);Gossip;Standing in the Way of Control;7;216
She Sells Sanctuary (1985);The Cult;ADVERTISEMENT;17;901
Mr. Jones (1994);Counting Crows;Mr. Jones;61;693
Young Folks (2006);Peter Bjorn and John;Young Folks;117;413
Streams of Whiskey (2002);The Pogues;Streams of Whiskey;34;817
Just Like a Woman (1966);Bob Dylan;Just Like a Woman;60;870
Head Over Heels / When in Love With a Blind Man (1985);Tears for Fears;Head Over Heels / When in Love With a Blind Man;35;564
Sunday Morning;The Velvet Underground;Sunday Morning;88;926
Go Outside (2011);Cults;Go Outside;43;363
F**k You! (2010);Cee Lo Green;F**k You!;138;459
Suck It and See (2011);Arctic Monkeys;That's Where You're Wrong;28;321
Electrolite (1997);R.E.M.;Electrolite;26;857
Atmosphere / She's Lost Control (1980);Joy Division;She's Lost Control;180;209
Kung Fu Fighting / Gamblin' Man (1974);Carl Douglas;Kung Fu Fighting;91;410
Wouldn't It Be Nice / I Get Around (1990);The Beach Boys;I Get Around;69;179
Otis (2011);Jay-Z & Kanye West;Otis;153;589
Handbags and Gladrags (2001);Stereophonics;Handbags and Gladrags;161;368
Goodbye Yellow Brick Road / Screw You (1973);Elton John;Goodbye Yellow Brick Road;159;662
Perfect 10;The Beautiful South;Perfect 10;122;311
Doolittle (1989);Pixies;Hey;18;716
My Girl / Theme From My Girl;The Temptations;My Girl;171;428
Either / Or (1997);Elliott Smith;Say Yes;48;224
American Dream (2001);Jakatta;American Dream;60;430
Neon Bible (2007);Arcade Fire;My Body is a Cage;183;622
The Rip (2008);Portishead;The Rip;29;199
The Lady in Red / The Vision (1986);Chris De Burgh;The Lady in Red;106;792
In Transit (2007);Albert Hammond, Jr.;ADVERTISEMENT;165;580
Virtual Insanity (1996);Jamiroquai;Virtual Insanity;14;262
Walk This Way / Walk This Way (Instrumental) (1986);Run-D.M.C.;Walk This Way / Walk This Way (Instrumental);63;397
Run to You (1984);Bryan Adams;Run to You;118;918
This Is Love (2001);PJ Harvey;This Is Love;0;945
Drive (1992);R.E.M.;Drive;103;400
Honey (1998);Moby;Honey;158;238
Lloyd, I'm Ready to Be Heartbroken (2006);Camera Obscura;Lloyd, I'm Ready to Be Heartbroken;170;536
Strawberry Letter 23 (1977);The Brothers Johnson;Strawberry Letter 23;16;232
The Next Episode (1999);Dr. Dre;The Next Episode;130;879
Turn On the Bright Lights (2002);Interpol;Untitled;60;519
Dakota (2005);Stereophonics;Dakota;53;367
Ceremony / In a Lonely Place (1981);New Order;Ceremony / In a Lonely Place;113;805
My Name Is (1999);Eminem;My Name Is;23;198
West End Girls / A Man Could Get Arrested (1985);Pet Shop Boys;West End Girls / A Man Could Get Arrested;3;715
Smalltown Boy / Infatuation / Memories (1984);Bronski Beat;Smalltown Boy / Infatuation / Memories;56;788
The Drugs Don't Work (1997);The Verve;The Drugs Don't Work;17;517
Ghetto Gospel (2005);2Pac;Ghetto Gospel;124;827
Cannonball (1993);The Breeders;Cannonball;154;861
More Than This / India (1982);Roxy Music;More Than This;170;233
What Difference Does It Make? / Back to the Old House / These Things Take Time (1984);The Smiths;What Difference Does It Make? / Back to the Old House / These Things Take Time;118;307
The Gambler / Momma's Waiting (1978);Kenny Rogers;The Gambler;106;180
I Say a Little Prayer / The House That Jack Built (1968);Aretha Franklin;I Say a Little Prayer / The House That Jack Built;31;127
Made of Stone / Going Down / Guernica (1989);The Stone Roses;Made of Stone / Going Down / Guernica;160;853
Giving Up the Gun (2010);Vampire Weekend;Giving Up the Gun;175;880
Love Lockdown (2008);Kanye West;ADVERTISEMENT;0;459
Green Onions / Hip Hug-Her (1972);Booker T. and The MG's;Green Onions / Hip Hug-Her;162;450
Don't Look Back Into the Sun / Death on the Stairs (2003);The Libertines;Don't Look Back Into the Sun / Death on the Stairs;46;922
Nude (2008);Radiohead;Nude;21;273
Every Breath You Take / Murder by Numbers (1983);The Police;Every Breath You Take / Murder by Numbers;143;582
Holocene / Come Talk to Me (2011);Bon Iver;Holocene / Come Talk to Me;74;536
Hometown Glory (2007);Adele;Hometown Glory;8;905
Within You Without You / Tomorrow Never Knows (2006);The Beatles;Tomorrow Never Knows;88;596
Neon Bible (2007);Arcade Fire;(Antichrist Television Blues);40;278
O.N.E (2010);Yeasayer;O.N.E;166;324
Gay Bar / The Living End (2003);Electric Six;Gay Bar / The Living End;106;506
Saints and Sinners (2003);Paddy Casey;Saints and Sinners;171;956
I Try (1999);Macy Gray;I Try;188;826
Daylight (2009);Matt and Kim;Daylight;95;718
Video Killed the Radio Star (1979);Buggles;Video Killed the Radio Star;84;486
New Morning (1970);Bob Dylan;The Man In Me;156;751
Blur's Country House (1995);Blur;Blur's Country House;151;304
Foxtrot Uniform Charlie Kilo (2005);Bloodhound Gang;Foxtrot Uniform Charlie Kilo;7;760
Alternative Ulster / 78 R.P.M. (1978);Stiff Little Fingers;Alternative Ulster / 78 R.P.M.;132;628
I Turn My Camera On / Carryout Kids / You Was It (2005);Spoon;I Turn My Camera On / Carryout Kids / You Was It;34;187
Mr. E's Beautiful Blues;Eels;Mr. E's Beautiful Blues;72;402
I Miss You (2004);Blink-182;I Miss You;95;120
Hang Me Up to Dry (2007);Cold War Kids;Hang Me Up to Dry;77;681
Danger! High Voltage (2002);Electric Six;Danger! High Voltage;35;570
Kinky Afro (1990);Happy Mondays;Kinky Afro;46;353
2 + 2 = 5 (2003);Radiohead;ADVERTISEMENT;135;925
The Boxer / Baby Driver (1969);Simon & Garfunkel;The Boxer;56;506
Fade Into You (1994);Mazzy Star;Fade Into You;130;617
This Is Happening (2010);LCD Soundsystem;All I Want;114;725
My Special Prayer / When a Man Loves a Woman (1972);Percy Sledge;When a Man Loves a Woman;167;429
Cannonball (2002);Damien Rice;Cannonball;146;398
Black (1991);Pearl Jam;Black;42;400
Bad Romance (2009);Lady Gaga;Bad Romance;8;306
Baby Style (2010);Keepaway;Yellow Wings;151;239
Otherside (1999);Red Hot Chili Peppers;Otherside;89;621
Sweetest Thing;U2;Sweetest Thing;96;223
Steal My Sunshine (1999);Len;Steal My Sunshine;171;950
Tree by the River (2011);Iron and Wine;Tree by the River;57;874
Young Americans / Suffragette City;David Bowie;Young Americans;59;753
Pounding (2002);Doves;Pounding;186;940
We Come 1 (2001);Faithless;We Come 1;56;417
Relax / Ferry Cross the Mersey (1983);Frankie Goes to Hollywood;Relax / Ferry Cross the Mersey;32;566
Paradise City (1989);Guns n' Roses;Paradise City;71;408
Fall Be Kind (2009);Animal Collective;What Do I Want Sky;125;787
Amnesiac (2001);Radiohead;You and Whose Army;24;588
Ready to Start (2010);Arcade Fire;Ready to Start;137;213
Matthew & Son (1967);Cat Stevens;Here Comes My Baby;90;553
Subterranean Homesick Blues / She Belongs to Me (1965);Bob Dylan;Subterranean Homesick Blues;82;482
Without You (1994);Nilsson;Without You;169;212
Waterloo Sunset / Act Nice and Gentle (1967);The Kinks;Waterloo Sunset;161;569
Black Dog / Misty Mountain Hop (1971);Led Zeppelin;Black Dog;19;246
Neighborhood #3 (Power Out) (2005);Arcade Fire;Neighborhood #3 (Power Out);108;811
Sloop John B / You're So Good to Me (1966);The Beach Boys;Sloop John B;58;264
Stayin' Alive / How Deep Is Your Love (1980);Bee Gees;How Deep Is Your Love;153;548
Total Eclipse of the Heart / Straight From the Heart (1983);Bonnie Tyler;Total Eclipse of the Heart / Straight From the Heart;33;903
Into My Arms (1997);Nick Cave & The Bad Seeds;Into My Arms;129;664
Boy From School (2006);Hot Chip;Boy From School;97;858
November Rain (1992);Guns n' Roses;November Rain;178;760
Black Sheep Boy (2005);Okkervil River;Black;143;871
Streets of Philadelphia (1994);Bruce Springsteen;Streets of Philadelphia;53;435
I Don't Like Mondays / It's All the Rage (1979);The Boomtown Rats;I Don't Like Mondays;155;319
In Between Days / The Exploding Boy (1985);The Cure;In Between Days / The Exploding Boy;10;928
Novocaine for the Soul (1997);Eels;Novocaine for the Soul;18;300
The Seed (2.0) (2003);The Roots;The Seed (2.0);103;836
Save Tonight (1997);Eagle-Eye Cherry;Save Tonight;116;572
Whatever (1994);Oasis;Whatever;76;337
Scooby Snacks (1996);Fun Lovin' Criminals;Scooby Snacks;184;235
Raspberry Beret (1985);Prince and The Revolution;Raspberry Beret;26;752
Been Caught Stealing (1990);Jane's Addiction;Been Caught Stealing;11;650
Buddy Holly (1994);Weezer;Buddy Holly;24;483
Wonderful Tonight / Peaches and Diesel (1978);Eric Clapton;Wonderful Tonight;159;661
Discovery (2009);Discovery;So Insane;162;948
The Suburbs (2010);Arcade Fire;The Suburbs;138;242
The Crane Wife (2006);The Decemberists;The Crane Wife 3;186;436
Family Tree (2009);TV on the Radio;Family Tree;168;213
Ask (1986);The Smiths;Ask;2;897
First Day of My Life / When the President Talks to God (2005);Bright Eyes;First Day of My Life;155;545
The First Big Weekend / Gilded (1996);Arab Strap;The First Big Weekend;181;921
Windowlicker (1999);Aphex Twin;Windowlicker;46;854
Mr. Tambourine Man / I Knew I'd Want You (1965);The Byrds;Mr. Tambourine Man;124;404
Rockin' in the Free World (1989);Neil Young;Rockin' in the Free World;123;317
Closer (1994);Nine Inch Nails;Closer;8;360
Dog Days Are Over / You've Got the Love (2008);Florence + The Machine;Dog Days Are Over / You've Got the Love;190;425
Follow Me / Tatoo'd Lady (1980);Rory Gallagher;Tattoo'd Lady;127;303
The Lovecats / Speak My Language / Mr. Pink Eyes (1983);The Cure;The Lovecats / Speak My Language / Mr. Pink Eyes;143;263
Merriweather Post Pavilion (2009);Animal Collective;In The Flowers;45;464
Heretics (2007);Andrew Bird;Heretics;18;394
Magnolia (1999);Aimee Mann;Aimee Mann - Wise Up;86;764
Home (2010);Edward Sharpe & The Magnetic Zeros;Home;117;540
Breathe (1996);Prodigy;Breathe;143;681
Last Nite;The Strokes;Last Nite;172;872
Phatt Bass (2000);Warp Brothers vs. Aquagen;Phatt Bass;16;131
Summertime Clothes (2009);Animal Collective;Summertime Clothes;106;878
Fire Water Burn (1997);Bloodhound Gang;Fire Water Burn;58;743
Hound Dog / Don't Be Cruel (1956);Elvis Presley;Hound Dog;6;243
Man of the World / Somebody's Gonna Get Their Head Kicked in Tonite (1969);Fleetwood Mac;Man of the World;29;637
That Old Pair of Jeans (2006);Fatboy Slim;That Old Pair of Jeans;106;395
Aerodynamic (2001);Daft Punk;Aerodynamic;180;490
Lust for Life / Morning Light (2008);Girls;Lust for Life;114;620
Can't Stand Me Now;The Libertines;Can't Stand Me Now;70;236
How Can You Mend a Broken Heart / Let's Stay Together (1978);Al Green;Let's Stay Together;59;303
Club Foot (2004);Kasabian;Club Foot;26;889
It's a Beautiful Thing (1998);Ocean Colour Scene;It's a Beautiful Thing;47;758
Under the Milky Way / Warm Spell / Musk (1988);The Church;Under the Milky Way / Warm Spell / Musk;190;526
Hey Joe / Stone Free (1966);Jimi Hendrix;Hey Joe;31;639
Kids (2008);MGMT;Kids;124;669
The Way We Get By (2003);Spoon;The Way We Get By;76;751
Sheila (2006);Jamie T;Sheila;164;362
In da Club (2003);50 Cent;In da Club;77;884
Down by the Water (1995);PJ Harvey;Down by the Water;145;910
The Life Aquatic With Steve Zissou (2004);Various Artists;Sigur Ros - Staralfur;127;339
The Hour of Bewilderbeast (2000);Badly Drawn Boy;The Shining;14;714
Heyday (2000);Mic Christopher;Heyday;127;645
All Apologies (1994);Nirvana;All Apologies;155;668
Motorcycle Emptiness (1992);Manic Street Preachers;Motorcycle Emptiness;58;435
Don't Dream It's Over / Don't Dream It's Over (1992);Crowded House;Don't Dream It's Over / Don't Dream It's Over;105;160
Harder, Better, Faster, Stronger (2001);Daft Punk;Harder, Better, Faster, Stronger;142;657
Either / Or (1997);Elliott Smith;Angeles;139;720
Conversation 16 (2010);The National;Conversation 16;64;538
Glory Box (1995);Portishead;Glory Box;120;907
Just Like Honey / Head / Cracked (1985);The Jesus and Mary Chain;Just Like Honey / Head / Cracked;30;674
Inni mer syngur vitleysingur (2008);Sigur Ros;Inni mer syngur vitleysingur;135;625
I'm Not There (2007);Various Artists;Jim James & Calexico - Goin' To Acapulco;54;544
I Bet You Look Good on the Dancefloor (2005);Arctic Monkeys;I Bet You Look Good on the Dancefloor;141;543
Heartbeat (2005);Annie;Heartbeat;30;198
Parklife (1994);Blur;ADVERTISEMENT;151;244
Wish You Were Here (1995);Pink Floyd;Wish You Were Here;84;370
Summer of '69 / The Best Was Yet to Come (1985);Bryan Adams;Summer of '69;183;951
Homecoming (2008);Kanye West;Homecoming;128;709
Requiem for a Dream (2000);Clint Mansell Featuring Kronos Quartet;Lux Aeterna;84;319
We're From Barcelona (2006);I'm From Barcelona;We're From Barcelona;110;912
Blue Orchid (2005);The White Stripes;Blue Orchid;98;869
Harold and Maude (1972);Cat Stevens;Don't Be Shy;27;255
Kid A (2000);Radiohead;Everything in Its Right Place;22;331
Israelites (1980);Desmond Dekker;Israelites;183;544
That's Amore / You're the Right One (1953);Dean Martin;That's Amore;88;845
The Rat (2004);The Walkmen;The Rat;108;396
We Are Your Friends (2006);Justice vs Simian;We Are Your Friends;178;561
Hard to Explain / New York City Cops (2001);The Strokes;New York City Cops;113;602
Cherry Tree (2004);The National;About Today;51;627
Ignition Remix (2003);R. Kelly;Ignition Remix;49;952
I Wanna Be Adored / Going Down / Simone (1989);The Stone Roses;I Wanna Be Adored / Going Down / Simone;152;728
Unfinished Sympathy (1991);Massive;Unfinished Sympathy;185;515
Bette Davis Eyes / Miss You Tonite (1981);Kim Carnes;Bette Davis Eyes;113;434
Laid (1993);James;Laid;121;697
I'd Do Anything for Love (But I Won't Do That) (1993);Meat Loaf;I'd Do Anything for Love (But I Won't Do That);161;183
The Moldy Peaches (2001);The Moldy Peaches;Anyone Else But You;105;924
Lady (Hear Me Tonight) (2000);Modjo;Lady (Hear Me Tonight);90;680
Sweet Jane / Rock and Roll (1973);The Velvet Underground Featuring Lou Reed;Sweet Jane;66;901
Time of the Season / Friends of Mine (1968);The Zombies;Time of the Season;31;390
Up the Junction / It's So Dirty (1979);Squeeze;Up the Junction;16;724
Night Falls Over Kortedala (2007);Jens Lekman;A Postcard To Nina;87;232
The Departed (2006);Various Artists;Roger Waters (Feat. Van Morrison & The Band) - Comfortably Numb;72;435
On Melancholy Hill (2010);Gorillaz;On Melancholy Hill;111;858
While You Wait for the Others (2009);Grizzly Bear;While You Wait for the Others;163;701
Ordinary World (1993);Duran Duran;Ordinary World;168;867
Reconnect (2006);Director;Reconnect;140;182
I Wanna Be Your Dog;The Stooges;I Wanna Be Your Dog;139;843
Stillness Is the Move / Wave the Bloody Shirt / Bitte Bitte Orca (2009);Dirty Projectors;Stillness Is the Move / Wave the Bloody Shirt / Bitte Bitte Orca;119;625
Pressure Drop (1980);Toots & The Maytals;Pressure Drop;139;549
The High Road / An Easy Life (2009);Broken Bells;The High Road / An Easy Life;50;348
Three Lions (1996);Baddiel, Skinner & Lightning Seeds;Three Lions;136;640
Dashboard (2007);Modest Mouse;Dashboard;120;153
Somebody to Love (2004);Boogie Pimps;Somebody to Love;179;842
California Stars (1998);Billy Bragg & Wilco;California Stars;133;455
Back in Black (1987);AC/DC;Back in Black;63;515
Don't You Want Me / Seconds (1981);The Human League;Don't You Want Me;180;557
I'm Waiting for the Man / Heroin (1988);The Velvet Underground;Heroin;81;807
Peace Train / Where Do the Children Play (1971);Cat Stevens;Where Do the Children Play;40;945
Breathless / There She Goes, My Beautiful World (2004);Nick Cave & The Bad Seeds;Breathless / There She Goes, My Beautiful World;90;777
You Can Call Me Al / Gumboots (1986);Paul Simon;You Can Call Me Al;147;761
Fuck Forever (2005);Babyshambles;Fuck Forever;142;917
Two Little Boys / I Love My Love (1969);Rolf Harris;Two Little Boys;188;640
Atlantis (1968);Donovan;Atlantis;119;253
I'm Gonna Be (500 Miles) / Better Days / Teardrops (1988);The Proclaimers;I'm Gonna Be (500 Miles) / Better Days / Teardrops;13;582
VCR (2010);The xx;ADVERTISEMENT;176;763
Cosmic Dancer (1987);T. Rex;Cosmic Dancer;15;467
Let It Be (1970);The Beatles;Let It Be;112;951
Galvanize (2005);The Chemical Brothers;Galvanize;2;304
The Whole of the Moon / Medicine Jack (1985);The Waterboys;The Whole of the Moon;86;807
Livin' Thing (1976);Electric Light Orchestra;Livin' Thing;43;335
Either / Or (1997);Elliott Smith;Between the Bars;113;393
Little Green Bag / Pretty Little Dreamer (1969);George Baker Selection;Little Green Bag;75;780
The National Anthem (2000);Radiohead;The National Anthem;51;735
Hate to Say I Told You So / Die, All Right! (2000);The Hives;Hate to Say I Told You So / Die, All Right!;19;940
Careless Whisper (1984);George Michael;Careless Whisper;163;226
Stan (2000);Eminem;Stan;48;773
The Blitzkrieg Bop!! / Havana Affair (1976);Ramones;The Blitzkrieg Bop!!;152;497
Teenage Riot / Silver Rocket / Kissability (1988);Sonic Youth;Teenage Riot / Silver Rocket / Kissability;70;264
Samson (2007);Regina Spektor;Samson;72;581
Power, Corruption & Lies (1983);New Order;Age of Consent;50;904
Dreaming of You (2002);The Coral;Dreaming of You;112;273
Blue Money / Sweet Thing (1971);Van Morrison;Sweet Thing;65;148
Step On (1990);Happy Mondays;Step On;155;226
Happy Xmas (War Is Over) (1982);John Lennon;Happy Xmas (War Is Over);60;835
Rise (1986);Public Image Ltd;Rise;157;122
Roxanne / Peanuts (1978);The Police;Roxanne;99;586
Inside (1994);Stiltskin;Inside;73;191
Strawberry Jam (2007);Animal Collective;For Reverend Green;147;792
Back to Black (2007);Amy Winehouse;Back to Black;35;501
ABBA (1975);ABBA;SOS;94;168
The Way We Get By (2003);Spoon;The Way We Get By;102;263
All Out of Love / Lost in Love (1981);Air Supply;All Out of Love;15;227
Tangled Up in Blue (1975);Bob Dylan;Tangled Up in Blue;175;925
American IV: The Man Comes Around (2002);Johnny Cash;The Man Comes Around;182;167
Running On Empty / Nothing But Time (1978);Jackson Browne;Running On Empty;142;865
Santa Cruz (1995);Fatboy Slim;Santa Cruz;141;254
Round and Round / Mistaken Wedding (2010);Ariel Pink's Haunted Graffiti;Round and Round / Mistaken Wedding;165;730
Smooth Criminal (2001);Alien Ant Farm;Smooth Criminal;75;824
Sweet Home Alabama / Workin' for MCA (1974);Lynyrd Skynyrd;Sweet Home Alabama;119;476
Lost Cause (2002);Beck;Lost Cause;114;135
In the Air Tonight / The Roof Is Leaking (1981);Phil Collins;In the Air Tonight;138;195
Band on the Run (1974);Paul McCartney & Wings;Band on the Run;105;429
Forever Young (1985);Alphaville;Forever Young;60;612
I Ran / Pick Me Up (1982);A Flock of Seagulls;I Ran / Pick Me Up;110;594
Someone Great (2007);LCD Soundsystem;Someone Great;27;192
Room on Fire (2003);The Strokes;What Ever Happened?;25;359
Come as You Are (1992);Nirvana;Come as You Are;69;818
Fast Car / For You (1988);Tracy Chapman;Fast Car;165;925
I'm a Cuckoo (2004);Belle and Sebastian;Im A Cuckoo (The Avalanches Remix);28;195
Sexy Boy (1998);AIR;Sexy Boy;42;662
Hey Ya! (2003);OutKast;Hey Ya!;177;657
Glosoli (2005);Sigur Ros;Glosoli;186;437
Holland, 1945 / Engine (1998);Neutral Milk Hotel;Holland, 1945;84;925
Everywhere (1988);Fleetwood Mac;Everywhere;22;132
1979 (1996);The Smashing Pumpkins;ADVERTISEMENT;166;913
Teenage Kicks (1994);The Undertones;Teenage Kicks;185;325
I'm Shipping Up to Boston (2006);Dropkick Murphys;I'm Shipping Up to Boston;9;858
Linger (1994);The Cranberries;Linger;34;205
If I Should Fall from Grace With God / Dirty Old Town / Sally Maclennane / A Pair of Brown Eyes (1988);The Pogues;If I Should Fall from Grace With God / Dirty Old Town / Sally Maclennane / A Pair of Brown Eyes;146;326
Loser (1994);Beck;Loser;147;276
Come Together;The Beatles;Come Together;51;478
For Real (There's Nothing Quite Like the Blinding Light) (2005);Okkervil River;For Real (There's Nothing Quite Like the Blinding Light);34;743
Terrible Love / You Were a Kindness (2010);The National;Terrible Love (Alternate Version);168;521
Old Man (2007);Neil Young;Old Man;147;610
1901 (2009);Phoenix;1901;5;571
Everybody Hurts (1993);R.E.M.;Everybody Hurts;153;196
Happy Together / Like the Seasons (1967);The Turtles;Happy Together;154;183
Aha Shake Heartbreak (2004);Kings of Leon;Milk;173;845
F.E.A.R. (2001);Ian Brown;F.E.A.R.;46;813
Crazy in Love (2003);Beyonce;Crazy in Love;102;685
All Right Now / Mouthful of Grass (1970);Free;All Right Now;131;771
Father and Son / Moon Shadow (1971);Cat Stevens;Father and Son;18;678
I'm Not in Love / The Film of My Love (1975);10cc;I'm Not in Love;34;553
Echoes of Silence (2011);The Weeknd;D.D.;113;354
Our House / Deja Vu (1970);Crosby, Stills, Nash & Young;Our House;154;830
Something (1989);The Beatles;Something;102;731
No Rain (1992);Blind Melon;No Rain;47;381
L.E.S. Artistes / Your Voice (2008);Santigold;L.E.S. Artistes;26;620
Build Me Up Buttercup / New Direction (1968);The Foundations;Build Me Up Buttercup;16;460
99 Problems / Dirt Off Your Shoulder (2004);Jay-Z;Dirt Off Your Shoulder;53;581
I Am the Resurrection (1992);The Stone Roses;I Am the Resurrection;86;724
Crystal (2001);New Order;Crystal;67;355
Be My Baby (1963);The Ronettes;Be My Baby;39;727
99 Red Ballons / 99 Luftballons (1983);Nena;99 Red Ballons / 99 Luftballons;145;195
A Rainy Night in Soho / Planxty Noel Hill (1986);The Pogues;A Rainy Night in Soho / Planxty Noel Hill;122;779
Miles Benjamin Anthony Robinson (2008);Miles Benjamin Anthony Robinson;Buriedfed;152;742
Stronger (2007);Kanye West;Stronger;160;548
Spanish Sahara (2010);Foals;Spanish Sahara;148;247
Going Out of My Head (1997);Fatboy Slim;Going Out of My Head;135;261
Death / Nothing to Give (M83 Remix) (2009);White Lies;Death / Nothing to Give (M83 Remix);33;649
Hotel Yorba (2001);The White Stripes;Hotel Yorba;51;184
Trains to Brazil (2006);Guillemots;Trains to Brazil;74;890
Bloodbuzz Ohio (2010);The National;Bloodbuzz Ohio;52;738
The Irish Rover / The Rare Ould Mountain Dew (1987);The Pogues & The Dubliners;The Irish Rover;144;521
Born in the U.S.A. (1984);Bruce Springsteen;Born in the U.S.A.;146;173
Let Forever Be (1999);The Chemical Brothers;Let Forever Be;138;438
My Way (1969);Frank Sinatra;My Way;93;727
Dreams (1992);The Cranberries;Dreams;28;217
You Really Got Me (1983);The Kinks;You Really Got Me;162;633
Civilization (2011);Justice;Civilization;6;613
(Your Love Keeps Lifting Me) Higher and Higher / I'm the One to Do It (1967);Jackie Wilson;(Your Love Keeps Lifting Me) Higher and Higher;128;858
Ghost Town (Extended Version) / Why? (Extended Version) / Friday Night, Saturday Morning (1981);The Specials;Ghost Town (Extended Version) / Why? (Extended Version) / Friday Night, Saturday Morning;87;410
Oh! Darling / Here Comes the Sun (1970);The Beatles;Here Comes the Sun;189;903
Youth & Young Manhood (2003);Kings of Leon;Trani;161;860
Woke Up This Morning (2000);Alabama 3;Woke Up This Morning;41;467
The Sidewinder Sleeps Tonite: Collectors Edition, CD 1 (1993);R.E.M.;The Sidewinder Sleeps Tonite: Collectors Edition, CD 1;29;764
Endtroducing..... (1996);DJ Shadow;Organ Donor;29;915
Misirlou (1994);Dick Dale & His Del-Tones;Misirlou;127;322
Drift Away / City Stars (1974);Dobie Gray;Drift Away;73;883
(What's the Story) Morning Glory? (1995);Oasis;She's Electric;2;248
Idioteque (2000);Radiohead;Idioteque;146;900
Jumpin' Jack Flash / Child of the Moon (1968);The Rolling Stones;Jumpin' Jack Flash;97;357
Angela Surf City / Good Day Carry On (2010);The Walkmen;Angela Surf City;112;532
Such Great Heights (2003);The Postal Service;Such Great Heights;77;787
Go (1991);Moby;Go;61;439
Island in the Sun (2001);Weezer;Island in the Sun;122;771
Get Rhythm / Folsom Prison Blues (1973);Johnny Cash;Folsom Prison Blues;168;486
You Can't Hurry Love / Put Yourself in My Place (1966);The Supremes;You Can't Hurry Love;9;775
Block Rockin' Beats (1997);The Chemical Brothers;Block Rockin' Beats;24;686
Two Tribes / One February Friday (1984);Frankie Goes to Hollywood;Two Tribes / One February Friday;189;273
Werewolves of London / Roland the Headless Thompson Gunner (1978);Warren Zevon;Werewolves of London;95;552
Nuthin' but a 'G' Thang (1992);Dr. Dre;Nuthin' but a 'G' Thang;128;523
Redemption Song / Redemption Song (Band Version) (1980);Bob Marley and The Wailers;Redemption Song / Redemption Song (Band Version);38;819
The Great Beyond (2000);R.E.M.;The Great Beyond;187;856
Ballad of a Thin Man / Just Like Tom Thumb's Blues (1966);Bob Dylan;Ballad of a Thin Man;40;686
The River (1980);Bruce Springsteen;The River;72;137
No One Knows (2002);Queens of the Stone Age;No One Knows;91;271
Heart of Glass (1979);Blondie;Heart of Glass;138;677
London Calling / Armagideon Time (1979);The Clash;London Calling;101;446
Digital Love (2001);Daft Punk;ADVERTISEMENT;187;290
Losing My Edge / Beat Connection (2002);LCD Soundsystem;Losing My Edge;67;434
212 (2011);Azealia Banks;212;166;642
Little Lion Man / To Darkness (2009);Mumford & Sons;Little Lion Man / To Darkness;141;808
Street Fighting Man / No Expectations (1968);The Rolling Stones;Street Fighting Man;41;391
Say It Ain't So (1995);Weezer;Say It Ain't So;147;756
Myriad Harbour / Fugue States (2007);The New Pornographers;Myriad Harbour;75;711
Horse Outside (2010);The Rubberbandits;Horse Outside;39;312
Here Comes Your Man (1989);Pixies;Here Comes Your Man;85;552
Disarm (1994);The Smashing Pumpkins;Disarm;142;673
Norgaard / Primal Urges (2011);The Vaccines;Norgaard;153;591
Where the Streets Have No Name / Race Against Time / Silver and Gold / Sweetest Thing (1987);U2;Where the Streets Have No Name / Race Against Time / Silver and Gold / Sweetest Thing;138;813
The Night They Drove Old Dixie Down / When Time Is Stolen (1971);Joan Baez;The Night They Drove Old Dixie Down;115;751
Layla / I Looked Away (1971);Derek and The Dominos;Layla;108;742
Slow Hands (2004);Interpol;Slow Hands;138;473
Hotel California (1976);Eagles;Hotel California;105;537
Down on the Corner / Fortunate Son (1969);Creedence Clearwater Revival;Fortunate Son;70;621
This Desert Life (1999);Counting Crows;Colorblind;39;388
I Want to Hold Your Hand / I Saw Her Standing There (1963);The Beatles;I Saw Her Standing There;94;758
Boxer (2007);The National;Slow Show;76;828
I'm Not Going Anywhere;Nika + Rory;I'm Not Going Anywhere;32;362
The Boys Are Back in Town (1991);Thin Lizzy;The Boys Are Back in Town;53;130
Animal (2009);Miike Snow;Animal;92;453
Aha Shake Heartbreak (2004);Kings of Leon;Taper Jean Girl;74;447
Smack My Bitch Up (1997);Prodigy;Smack My Bitch Up;137;523
Sign 'O' the Times (1987);Prince;Sign 'O' the Times;180;846
Creep;Scala & Kolacny Brothers;Creep;71;794
Power (2010);Kanye West;Power;27;720
Good Fortune (2000);PJ Harvey;Good Fortune;156;578
Hallelujah (1996);Jeff Buckley;Hallelujah;104;471
You Get What You Give (1999);New Radicals;You Get What You Give;111;318
Firestarter (1996);Prodigy;Firestarter;139;381
Beautiful Day (2000);U2;Beautiful Day;49;305
The House That Heaven Built (2012);Japandroids;The House That Heaven Built;19;154
Teenage Dirtbag (2001);Wheatus;Teenage Dirtbag;137;160
99 Problems / Dirt Off Your Shoulder (2004);Jay-Z;99 Problems;55;305
Better Living Through Chemistry (1996);Fatboy Slim;Song for Lindy;139;891
You're My Best Friend / '39 (1976);Queen;You're My Best Friend;187;286
Brown-Eyed Girl (1991);Van Morrison;Brown-Eyed Girl;148;900
Like a Rolling Stone (Part 1) / Like a Rolling Stone (Part 2) (1965);Bob Dylan;Like a Rolling Stone (Part 1) / Like a Rolling Stone (Part 2);76;151
Paranoid (1970);Black Sabbath;Paranoid;51;811
Wild World / Sad Lisa (1971);Cat Stevens;Wild World;143;238
Atomic / Die Young Stay Pretty / Heroes (1980);Blondie;Atomic / Die Young Stay Pretty / Heroes;137;941
Midnight City (2011);M83;Midnight City;187;804
I Heard It Through the Grapevine / You're What's Happening (In the World Today) (1969);Marvin Gaye;I Heard It Through the Grapevine;46;492
Bang a Gong (Get It On) / Raw Ramp (1971);T. Rex;Bang a Gong (Get It On);165;736
Space Oddity / Wild Eyed Boy From Freecloud (1969);David Bowie;Space Oddity;44;873
No I in Threesome (2007);Interpol;No I in Threesome;72;130
Silence (1997);Delerium;Silence;117;741
Starman / Suffragette City (1972);David Bowie;Starman;102;951
The Rockafeller Skank (1998);Fatboy Slim;ADVERTISEMENT;172;810
The Sound of Silence (1974);Paul Simon;The Sound of Silence;61;435
Faith / Hand to Mouth (1987);George Michael;Faith / Hand to Mouth;70;269
It Must Be Love (1992);Madness;It Must Be Love;184;598
Ring of Fire / I'd Still Be There (1963);Johnny Cash;Ring of Fire;131;559
Closing Time;Semisonic;Closing Time;50;884
Over and Over (2006);Hot Chip;Over and Over;28;380
More Than a Feeling / Smokin' (1976);Boston;More Than a Feeling;61;486
Ziggy Stardust (1994);David Bowie;Ziggy Stardust;156;122
That's Entertainment (1991);The Jam;That's Entertainment;133;408
1234 (2007);Feist;1234;174;279
The Boy With the Arab Strap (1998);Belle & Sebastian;The Boy With the Arab Strap;140;143
Girl (2005);Beck;Girl;78;202
Vampire Weekend (2008);Vampire Weekend;Walcott;147;293
Obstacle 1 (2002);Interpol;Obstacle 1;143;652
Tessellate (2008);Tokyo Police Club;Tessellate;63;805
Jump Around (1992);House of Pain;Jump Around;155;871
Frontier Psychiatrist (2000);The Avalanches;Frontier Psychiatrist;30;836
No Surprises (1998);Radiohead;No Surprises;190;922
All You Need Is Love / Baby You're a Rich Man (1967);The Beatles;All You Need Is Love;132;326
Magnolia (1999);Aimee Mann;Save Me;165;656
Dirty Old Town / A Pistol for Paddy Garcia (1985);The Pogues;Dirty Old Town / A Pistol for Paddy Garcia;123;603
Romeo and Juliet (1981);Dire Straits;Romeo and Juliet;74;890
House of the Rising Sun / Bring It on Home to Me;The Animals;House of the Rising Sun;136;681
Bridging the Gap (2004);Nasir Jones / Olu Dara;Bridging the Gap;177;456
Two Weeks (2009);Grizzly Bear;ADVERTISEMENT;52;328
The Money Store (2012);Death Grips;Hacker;182;784
No Cars Go / Surf City (Eastern Bloc) (2007);Arcade Fire;No Cars Go;37;319
New Slang / Sphagnum Esplanade (2001);The Shins;New Slang;160;336
Baker Street / City to City (1978);Gerry Rafferty;Baker Street;165;718
The Doors (1967);The Doors;The End;14;461
Fell in Love With a Girl (2005);The White Stripes;Fell in Love With a Girl;20;369
Come Sail Away / Put Me On (1977);Styx;Come Sail Away;85;865
Loaded (1990);Primal Scream;Loaded;38;441
Dark Was the Night (2009);Various Artists;The National - So Far Around the Bend;88;591
High and Dry (1996);Radiohead;High and Dry;105;553
Pale Blue Eyes / I Can't Stand It (1990);The Velvet Underground;Pale Blue Eyes;89;660
This Year's Love (1999);David Gray;This Year's Love;160;369
Bad Moon Rising / Lodi (1969);Creedence Clearwater Revival;Bad Moon Rising;186;742
William, It Was Really Nothing / Please Please Please Let Me Get What I Want (1984);The Smiths;Please Please Please Let Me Get What I Want;110;642
Personal Jesus / Dangerous (1989);Depeche Mode;Personal Jesus / Dangerous;181;708
Saturate (2007);The Chemical Brothers;Saturate;177;185
Rocket Man (I Think It's Going to Be a Long Long Time) / Holiday Inn / Goodbye (1972);Elton John;Rocket Man (I Think It's Going to Be a Long Long Time);138;797
Staring at the Sun (2004);TV on the Radio;ADVERTISEMENT;28;762
Rolling in the Deep (Jamie xx Shuffle) (2011);Adele;Adele - Rolling In The Deep (Jamie xx Shuffle) feat. Childish Gambino;141;292
You Oughta Know (1995);Alanis Morissette;You Oughta Know;97;150
My Girls (2009);Animal Collective;My Girls;84;745
Pure Shores (2000);All Saints;Pure Shores;29;728
Bicycle Race / Fat Bottomed Girls (1978);Queen;Fat Bottomed Girls;16;815
White Winter Hymnal (2008);Fleet Foxes;White Winter Hymnal;189;918
Mass Destruction (2004);Faithless;Mass Destruction;59;920
Clint Eastwood (2001);Gorillaz;Clint Eastwood;9;394
S?glopur (2006);Sigur Ros;S?glopur;120;450
Keep It Goin' Louder (2009);Major Lazer;Keep It Goin' Louder;63;639
Atmosphere (1988);Joy Division;Atmosphere;97;152
Lithium (1992);Nirvana;Lithium;180;505
Porcelain (2000);Moby;Porcelain;160;713
Fools Gold (1989);The Stone Roses;Fools Gold;161;732
Me and Julio Down by the Schoolyard / Congratulations (1972);Paul Simon;Me and Julio Down by the Schoolyard;40;460
Paranoid Android (1997);Radiohead;Paranoid Android;169;132
Poguetry in Motion (1986);The Pogues;The Body Of An American;165;855
Your Song / Into the Old Man's Shoes (1971);Elton John;Your Song;96;370
Son of a Preacher Man / Just a Little Lovin' (Early in the Mornin') (1968);Dusty Springfield;Son of a Preacher Man;56;902
Tired of Being Alone / Get Back Baby (1971);Al Green;Tired of Being Alone;150;740
OK Computer (1997);Radiohead;Exit Music (For A Film);66;145
Hello Goodbye / I Am the Walrus (1967);The Beatles;Hello Goodbye;116;534
Marquee Moon (1977);Television;Marquee Moon;178;494
Music Sounds Better With You (1998);Stardust;Music Sounds Better With You;115;936
Could You Be Loved (1991);Bob Marley & The Wailers;Could You Be Loved;20;897
Strawberry Fields Forever / Penny Lane (1967);The Beatles;Penny Lane;36;657
The Chain / Go Your Own Way (1977);Fleetwood Mac;The Chain;7;265
Street Spirit (Fade Out) (1996);Radiohead;Street Spirit (Fade Out);154;539
Video Games (2011);Lana Del Rey;Video Games;183;710
Raised by Wolves (2005);Voxtrot;The Start of Something;117;916
Illinois (2005);Sufjan Stevens;Chicago;151;244
How Soon Is Now? (1992);The Smiths;How Soon Is Now?;98;596
Lisztomania (2009);Phoenix;Lisztomania;131;459
Let's Go Surfing (2009);The Drums;Let's Go Surfing;185;297
Back for Good (1995);Take That;Back for Good;114;575
Disco 2000 (1995);Pulp;Disco 2000;10;517
Californication (2000);Red Hot Chili Peppers;Californication;155;320
Runaway (2010);Kanye West;Runaway;3;469
Lua (2004);Bright Eyes;Lua;186;505
I Don't Want to Miss a Thing (1998);Aerosmith;I Don't Want to Miss a Thing;169;866
Clubbed to Death (1995);Rob Dougan;Clubbed to Death;185;354
Shine a Light (2006);Wolf Parade;Shine a Light;33;515
High Violet (2010);The National;England;137;143
Bullet With Butterfly Wings (1995);The Smashing Pumpkins;Bullet With Butterfly Wings;3;373
Still D.R.E. (1999);Dr. Dre;Still D.R.E.;136;792
Landslide (1998);Fleetwood Mac;Landslide;169;411
Reptilia (2004);The Strokes;Reptilia;94;649
All My Friends (2007);LCD Soundsystem;All My Friends;16;547
Good Vibrations (1996);The Beach Boys;Good Vibrations;51;159
Atlas (2007);Battles;Atlas;23;504
Dreadlock Holiday (1978);10cc;Dreadlock Holiday;69;931
Since I Left You (2001);The Avalanches;Since I Left You;122;887
Hate It or Love It (2005);The Game;Hate It or Love It;149;709
Something in the Air (1969);Thunderclap Newman;Something in the Air;52;841
National Express (1999);The Divine Comedy;National Express;92;751
Candle in the Wind / I Feel Like a Bullet (In the Gun of Robert Ford) (1978);Elton John;Candle in the Wind;49;794
Zombie (1994);The Cranberries;ADVERTISEMENT;5;437
Bohemian Like You (2000);The Dandy Warhols;Bohemian Like You;172;911
Feel Good Inc (2005);Gorillaz;Feel Good Inc;38;469
A-Punk / Oxford Comma (Rehearsal Version) (2008);Vampire Weekend;A-Punk / Oxford Comma (Rehearsal Version);104;736
Temptation / Hurt (1982);New Order;Temptation / Hurt;186;165
Ruby Tuesday / Have You Seen Your Mother, Baby, Standing in the Shadow? (1967);The Rolling Stones;Ruby Tuesday;177;949
Debaser;Pixies;Debaser;182;809
What's the Frequency Kenneth? (1994);R.E.M.;What's the Frequency Kenneth?;15;209
Don't You (Forget About Me) / A Brass Band in Africa Chimes (1985);Simple Minds;Don't You (Forget About Me) / A Brass Band in Africa Chimes;113;353
Sleepyhead / Better Things (2008);Passion Pit;Sleepyhead;76;160
Golden Brown / Love 30 (1982);The Stranglers;Golden Brown;95;532
Dancing in the Moonlight (2000);Toploader;Dancing in the Moonlight;44;711
Born to Be Wild / Everybody's Next One (1968);Steppenwolf;Born to Be Wild;13;561
Blister in the Sun (1997);Violent Femmes;Blister in the Sun;38;906
Maggie May / Reason to Believe (1971);Rod Stewart;Maggie May;153;763
The Masterplan (1998);Oasis;Half the World Away;91;594
Nancy Boy (1997);Placebo;Nancy Boy;137;523
Daydream Believer / Goin' Down (1967);The Monkees;Daydream Believer;69;380
Jessie's Girl / Carry Me Away (1981);Rick Springfield;Jessie's Girl;134;766
Won't Get Fooled Again / Don't Know Myself (1971);The Who;Won't Get Fooled Again;103;126
The Collection (1997);Luke Kelly;On Raglan Road;32;228
Train in Vain (1980);The Clash;Train in Vain;177;321
Lust for Life / Success (1977);Iggy Pop;Lust for Life;128;402
I Still Haven't Found What I'm Looking For / Spanish Eyes / Deep in the Heart (1987);U2;I Still Haven't Found What I'm Looking For / Spanish Eyes / Deep in the Heart;50;819
Paper Bag (2000);Fiona Apple;Paper Bag;110;609
Heroes / Heroes (1977);David Bowie;Heroes / Heroes;155;700
Times They Are A-Changin' / Honey Just Allow Me One More Chance (1965);Bob Dylan;Times They Are A-Changin';122;616
Rubber Soul (1965);The Beatles;In My Life;178;723
Where's Your Head At (2001);Basement Jaxx;Where's Your Head At;105;406
Out of Time / Money Makes Me Crazy (2003);Blur;Out of Time / Money Makes Me Crazy;77;293
The Underdog (2007);Spoon;The Underdog;106;130
A Lady of a Certain Age (2006);The Divine Comedy;A Lady of a Certain Age;175;683
Rocky Raccoon / Why Don't We Do It in the Road (1984);The Beatles;Rocky Raccoon;128;399
Should I Stay or Should I Go? / First Night Back in London (1982);The Clash;Should I Stay or Should I Go? / First Night Back in London;7;475
A Horse With No Name / Everyone I Meet Is From California (1972);America;A Horse With No Name;173;864
Beetlebum (1997);Blur;Beetlebum;75;459
Twist and Shout / Do You Want to Know a Secret (1964);The Beatles;Twist and Shout;145;214
Nantes (2007);Beirut;Nantes;156;327
There She Goes (1990);The La's;There She Goes;13;835
Profit in Peace (1999);Ocean Colour Scene;Profit in Peace;89;586
Audience (2010);Cold War Kids;Audience;160;460
Tender (1999);Blur;Tender;26;373
You Shook Me All Night Long (1986);AC/DC;You Shook Me All Night Long;102;674
Float On / I've Got It All (Most) (2004);Modest Mouse;Float On / I've Got It All (Most);63;581
The Day We Caught the Train (1996);Ocean Colour Scene;The Day We Caught the Train;8;589
Stayin' Alive / If I Can't Have You (1977);Bee Gees;Stayin' Alive;8;574
All the Small Things (2000);Blink-182;All the Small Things;26;393
Hoppipolla (2005);Sigur Ros;Hoppipolla;92;130
Search and Destroy (stereo) / Search and Destroy (mono) (1973);Iggy and The Stooges;Search and Destroy (stereo) / Search and Destroy (mono);1;932
Piano Man / You're My Home (1975);Billy Joel;Piano Man;62;314
The Three E.P.'s (1998);The Beta Band;Dry The Rain;143;935
Eleanor Rigby / Yellow Submarine (1976);The Beatles;Eleanor Rigby;129;141
Hope There's Someone (2005);Antony and the Johnsons;Hope There's Someone;11;509
Champagne Supernova (1996);Oasis;Champagne Supernova;147;608
White Rabbit (Stereo) / White Rabbit (Mono) (1971);Jefferson Airplane;White Rabbit (Stereo) / White Rabbit (Mono);57;511
Crazy (2006);Gnarls Barkley;Crazy;42;708
Take Me Out (2004);Franz Ferdinand;Take Me Out;145;591
Sally MacLennane / Wild Rover (1985);The Pogues;Sally MacLennane;33;762
Shake / A Change Is Gonna Come (1965);Sam Cooke;A Change Is Gonna Come;155;416
Wuthering Heights / Kite (1977);Kate Bush;Wuthering Heights;169;531
Numb / Encore (2005);Jay-Z & Linkin Park;Numb / Encore;122;617
The Scientist (2002);Coldplay;The Scientist;16;418
There Goes the Fear (2002);Doves;There Goes the Fear;106;689
Imitation of Life (2001);R.E.M.;Imitation of Life;26;873
Suspicious Minds / You'll Think of Me (1977);Elvis Presley;Suspicious Minds;103;834
Apologies to the Queen Mary (2005);Wolf Parade;Dear Sons and Daughters of Hungry Ghosts;48;741
Sunny Afternoon / You Really Got Me (1972);The Kinks;Sunny Afternoon;57;590
Teardrop (1998);Massive Attack;Teardrop;74;927
Needle in the Hay / Alphabet Town / Some Song (1995);Elliott Smith;Needle in the Hay;13;527
You! Me! Dancing! / It Started With a Mixx (2007);Los Campesinos!;You! Me! Dancing! / It Started With a Mixx;38;422
Hounds of Love (2005);The Futureheads;Hounds of Love;182;191
A Little Respect / Like Zsa Zsa Gabor (1988);Erasure;A Little Respect / Like Zsa Zsa Gabor;43;204
With a Little Help From My Friends (1969);Joe Cocker;With a Little Help From My Friends;57;375
Live Forever (1994);Oasis;Live Forever;127;377
Tumbling Dice (1972);The Rolling Stones;Tumbling Dice;39;718
Mr. Brightside (2003);The Killers;Mr. Brightside;186;236
Common People (1995);Pulp;Common People;183;444
If You Tolerate This Your Children Will Be Next (1998);Manic Street Preachers;If You Tolerate This Your Children Will Be Next;81;854
The Joker (1990);Steve Miller Band;The Joker;39;502
The Tracks of My Tears / A Fork in the Road (1965);The Miracles;The Tracks of My Tears;181;910
Jesus Walks (2004);Kanye West;Jesus Walks;132;316
Empire State of Mind (2009);Jay-Z;Empire State of Mind;107;820
A Real Hero (2009);College;A Real Hero;40;893
Born to Run / Meeting Across the River (1986);Bruce Springsteen;Born to Run;186;237
Skinny Love (2008);Bon Iver;Skinny Love;129;121
(Don't Fear) The Reaper / R U Ready to Rock (1984);Blue Oyster Cult;(Don't Fear) The Reaper;128;477
D.A.N.C.E / B.E.A.T (2007);Justice;D.A.N.C.E / B.E.A.T;142;517
Whole Wide World / Semaphore Signals (1977);Wreckless Eric;Whole Wide World;92;788
E-Bow the Letter (1996);R.E.M.;E-Bow the Letter;79;377
Mannish Boy (1988);Muddy Waters;Mannish Boy;28;584
The Man Who Sold the World (1994);Nirvana;The Man Who Sold the World;71;619
Scorpio Rising (2003);Death in Vegas;Girls;162;910
Toccata and Fugue (1988);Johann Sebastian Bach;Air on a G String;24;348
Stand by Me (1986);Ben E. King;Stand by Me;44;216
Yesterday (1966);The Beatles;Yesterday;174;474
Ever Fallen in Love (With Someone You Shouldn't've?) / Just Lust (1978);Buzzcocks;Ever Fallen in Love (With Someone You Shouldn't've?);111;402
Can't Take My Eyes Off You / You Are Where Everything Is (1968);Andy Williams;Can't Take My Eyes Off You / You Are Where Everything Is;152;345
Fireworks (2007);Animal Collective;Fireworks;153;307
Rock the Casbah (1982);The Clash;Rock the Casbah;165;548
Planet of the Phatbird;Fatboy Slim & Leftfield;Fatboy Slim vs. Leftfield;84;784
Go Your Own Way / Silver Springs (1977);Fleetwood Mac;Go Your Own Way;16;263
Honky Tonk Women / You Can't Always Get What You Want (1969);The Rolling Stones;You Can't Always Get What You Want;166;802
Mr. Blue Sky / One Summer Dream (1978);Electric Light Orchestra;Mr. Blue Sky;116;713
Da Funk (1996);Daft Punk;Da Funk;14;264
Jimi Hendrix Story Vol. 6 - Voodoo Child (Slight Return) / All Along the Watchtower (1970);The Jimi Hendrix Experience;Voodoo Child (Slight Return);116;405
Walk on the Wild Side / Vicious (1973);Lou Reed;Walk on the Wild Side;134;902
Don't Stop Me Now / In Only Seven Days (1979);Queen;Don't Stop Me Now;185;649
Reckoner (Instrument Stems) (2008);Radiohead;Reckoner (Instrument Stems);176;267
No Woman, No Cry;Bob Marley & The Wailers;No Woman, No Cry [live];157;771
Crash Into Me (1996);Dave Matthews Band;Crash Into Me;190;783
Banquet (2005);Bloc Party;Banquet;178;422
The Bad Touch (1999);Bloodhound Gang;The Bad Touch;11;678
Yellow (2000);Coldplay;Yellow;21;948
The Universal (1995);Blur;The Universal;158;720
What a Wonderful World / Cabaret;Louis Armstrong;What a Wonderful World / Cabaret;163;484
Summer Babe / Mercy Snack / Baptiss Blacktick (1991);Pavement;Summer Babe / Mercy Snack / Baptiss Blacktick;89;662
Sunday Bloody Sunday / Two Hearts Beat as One / New Year's Day (1983);U2;Sunday Bloody Sunday / Two Hearts Beat as One / New Year's Day;62;503
Stuck in the Middle With You / Jose (1973);Stealers Wheel;Stuck in the Middle With You;50;514
Wild Horses (1996);The Rolling Stones;Wild Horses;166;204
Knockin' on Heaven's Door / A Fool Such As I (1975);Bob Dylan;Knockin' on Heaven's Door;81;629
When the Sun Goes Down (2006);Arctic Monkeys;When the Sun Goes Down;24;244
Us (2006);Regina Spektor;Us;177;901
Killing in the Name (1993);Rage Against the Machine;Killing in the Name;96;878
The Killing Moon / Do It Clean (1984);Echo & The Bunnymen;The Killing Moon / Do It Clean;69;542
There Is a Light That Never Goes Out (1986);The Smiths;There Is a Light That Never Goes Out;162;857
Just Like Heaven / Snow in Summer (1987);The Cure;Just Like Heaven;172;773
Hey Boy Hey Girl (1999);The Chemical Brothers;Hey Boy Hey Girl;70;737
Dream On (1993);Aerosmith;Dream On;33;906
The Real Slim Shady (2000);Eminem;The Real Slim Shady;43;169
Maps (2004);Yeah Yeah Yeahs;Maps;48;220
Jesus, etc. (2002);Wilco;Jesus, etc.;102;871
The Concept (1991);Teenage Fanclub;The Concept;64;518
Enjoy the Silence / Memphisto (1990);Depeche Mode;Enjoy the Silence / Memphisto;113;780
Take On Me / Love Is Reason (1985);a-ha;Take On Me / Love Is Reason;97;698
Sprawl II (Mountains Beyond Mountains) / Ready to Start (2012);Arcade Fire;Sprawl II (Mountains Beyond Mountains) / Ready to Start;71;188
Don't Look Back in Anger (1996);Oasis;Don't Look Back in Anger;125;739
Kernkraft 400 (2000);Zombie Nation;Kernkraft 400;61;578
B.O.B (2000);OutKast;B.O.B;136;799
High Violet (2010);The National;Vanderlyle Crybaby Geeks;40;852
Paper Planes (2008);M.I.A.;Paper Planes;65;907
Louie Louie / Haunted Castle (1963);The Kingsmen;Louie Louie;103;168
I Want You Back / Who's Lovin You (1969);The Jackson 5;I Want You Back;93;919
Ready for the Floor (2008);Hot Chip;Ready for the Floor;21;872
Johnny B. Goode / Around and Around (1958);Chuck Berry;Johnny B. Goode;5;564
Come On Eileen (1982);Dexys Midnight Runners & The Emerald Express;Come On Eileen;96;814
Panic (1986);The Smiths;Panic;63;377
Movin' On Up (1991);Primal Scream;Movin' On Up;103;579
Ooh La La (1973);Faces;Ooh La La;182;649
For What It's Worth (Stop, Hey What's That Sound) / Do I Have to Come Right Out and Say It (1966);The Buffalo Springfield;For What It's Worth;42;529
Once in a Lifetime / Naive Melody (1984);Talking Heads;Once in a Lifetime / Naive Melody;126;470
Setting Sun (1996);The Chemical Brothers;ADVERTISEMENT;138;720
The Bucket (2004);Kings of Leon;The Bucket;189;565
How Deep Is Your Love? (2011);The Rapture;How Deep Is Your Love?;80;486
Niggas in Paris (2011);Jay-Z & Kanye West;Niggas in Paris;45;293
Evil (2005);Interpol;Evil;46;879
Lose Yourself (2002);Eminem;Lose Yourself;152;790
Tonight, Tonight (1996);The Smashing Pumpkins;Tonight, Tonight;94;866
Don't Stop Believing / Natural Thing (1981);Journey;Don't Stop Believing;25;394
Someday (2002);The Strokes;Someday;165;697
Fire and Rain / Anywhere Like Heaven (1970);James Taylor;Fire and Rain;183;400
All Along the Watchtower / Long Hot Summer Night (1968);Jimi Hendrix Experience;All Along the Watchtower;107;520
The Skin of My Yellow Country Teeth (2006);Clap Your Hands Say Yeah;The Skin of My Yellow Country Teeth;119;334
Neighborhood #1 (Tunnels) / My Buddy (2004);Arcade Fire;Neighborhood #1 (Tunnels) / My Buddy;164;229
(Sittin' On) The Dock of the Bay / Sweet Lorene (1968);Otis Redding;(Sittin' On) The Dock of the Bay;108;362
A Pair of Brown Eyes / Whiskey You're the Devil (1985);The Pogues;A Pair of Brown Eyes;93;601
Wonderful World (1986);Sam Cooke;Wonderful World;37;667
Karma Police;Radiohead;Karma Police;132;877
Sabotage / Get It Together (1994);Beastie Boys;Sabotage;13;544
Con su blanca palidez (A Whiter Shade of Pale) (1980);Procol Harum;Con su blanca palidez (A Whiter Shade of Pale);103;354
Free Bird (1976);Lynyrd Skynyrd;Free Bird;154;678
Hard to Explain (2002);The Strokes;Hard to Explain;136;204
Song 2 (1997);Blur;Song 2;67;256
One (1992);U2;One;185;786
Pursuit of Happiness (Nightmare) (2009);Kid Cudi;Pursuit of Happiness (Steve Aoki Remix);7;158
Insomnia (1995);Faithless;Insomnia;182;260
Creep (1992);Radiohead;ADVERTISEMENT;15;437
Diane Young / Step (2013);Vampire Weekend;Step;103;862
Fake Empire (2008);The National;Fake Empire;23;253
Hurt / Personal Jesus (2003);Johnny Cash;Hurt;160;130
7 Nation Army (2005);The White Stripes;7 Nation Army;6;362
Where Is My Mind? (2004);Pixies;Where Is My Mind?;29;295
Hospital Beds (2007);Cold War Kids;Hospital Beds;128;191
Velvet (2009);The Big Pink;Velvet;127;577
Intervention (2006);Arcade Fire;Intervention;176;873
Brimful of Asha / Brimful of Asha (Norman Cook Remix) (1998);Cornershop;Brimful of Asha (Norman Cook Remix);163;776
Alligator (2005);The National;Mr. November;122;427
Sympathy for the Devil / Prodigal Son (1973);The Rolling Stones;Sympathy for the Devil;120;544
Hurricane (1975);Bob Dylan;Hurricane;144;534
Whatever People Say I Am, That's What I'm Not (2006);Arctic Monkeys;A Certain Romance;67;772
Oxford Comma / Walcott (Insane Mix) (2008);Vampire Weekend;Oxford Comma;55;771
Mad World (2003);Michael Andrews;Mad World;28;236
All the Young Dudes / One of the Boys (1972);Mott the Hoople;All the Young Dudes;22;347
Wolf Like Me (2006);TV on the Radio;Wolf Like Me;71;536
Smells Like Teen Spirit (1991);Nirvana;Smells Like Teen Spirit;181;626
Paint It, Black / Long Long While (1966);The Rolling Stones;Paint It, Black;12;477
Dancing Queen / That's Me (1976);ABBA;Dancing Queen;152;459
Baba O'Riley / I Can't Explain (1971);The Who;Baba O'Riley;110;243
Dancing in the Dark / Pink Cadillac (1984);Bruce Springsteen;Dancing in the Dark / Pink Cadillac;179;248
Stairway to Heaven (1972);Led Zeppelin;Stairway to Heaven;96;924
Africa (1982);Toto;Africa;21;516
Losing My Religion (1991);R.E.M.;Losing My Religion;66;841
Blowin' in the Wind / Corrina, Corrina (1965);Bob Dylan;Blowin' in the Wind;49;726
With or Without You (1987);U2;With or Without You;101;228
Billie Jean / Billie Jean (Instrumental) (1982);Michael Jackson;Billie Jean / Billie Jean (Instrumental);65;944
Under the Bridge (1992);Red Hot Chili Peppers;Under the Bridge;1;631
Under Pressure / Under Pressure (1981);Queen & David Bowie;Under Pressure / Under Pressure;135;692
Sgt. Pepper's Lonely Hearts Club Band / With a Little Help From My Friends / A Day in the Life (1978);The Beatles;A Day in the Life;166;907
Born to Run (1975);Bruce Springsteen;Thunder Road;142;959
Lola / Mindless Child of Motherhood (1970);The Kinks;Lola;101;382
Man on the Moon (1992);R.E.M.;Man on the Moon;48;498
(I Can't Get No) Satisfaction / The Spider and the Fly (1965);The Rolling Stones;(I Can't Get No) Satisfaction;176;776
Bitter Sweet Symphony (1997);The Verve;Bitter Sweet Symphony;145;519
Transformer (1972);Lou Reed;Perfect Day;34;486
Sympathy for the Devil / Gimme Shelter (The Rolling Stones Singles Collection) (1980);The Rolling Stones;Gimme Shelter;162;253
Blue Monday / The Beach (1983);New Order;Blue Monday / The Beach;179;322
All These Things That I've Done (2004);The Killers;All These Things That I've Done;79;448
One More Time (2000);Daft Punk;One More Time;22;582
Life on Mars? / The Man Who Sold the World (1973);David Bowie;Life on Mars?;103;519
The Weight / I Shall Be Released (1968);The Band;The Weight;5;637
American Pie / Empty Chairs (1971);Don McLean;American Pie;142;163
Fake Plastic Trees (1995);Radiohead;Fake Plastic Trees;112;499
Wake Up (2005);Arcade Fire;Wake Up;42;676
Love Will Tear Us Apart / These Days (1980);Joy Division;Love Will Tear Us Apart / These Days;80;925
Imagine (1999);John Lennon / Plastic Ono Band;Imagine;154;478
Bohemian Rhapsody / These Are the Days of Our Lives (1991);Queen;Bohemian Rhapsody / These Are the Days of Our Lives;66;721
Hey Jude (1989);The Beatles;Hey Jude;59;572
Praise You (1999);Fatboy Slim;Praise You;60;595
Time to Pretend (2008);MGMT;Time to Pretend;135;652
God Only Knows / Wouldn't It Be Nice (1966);The Beach Boys;God Only Knows;188;167
Time to Say Goodbye (Con te partiro) (1996);Sarah Brightman & Andrea Bocelli;Time to Say Goodbye (Con te partiro);39;258
Born Slippy (1995);Underworld;Born Slippy;145;189
Wonderwall (1995);Oasis;Wonderwall;178;165
I'll Believe in Anything (2006);Wolf Parade;I'll Believe in Anything;74;905
Right Here, Right Now (1999);Fatboy Slim;Right Here, Right Now;18;230
Fairytale of New York (2005);The Pogues;Fairytale of New York;172;144
Rebellion (Lies) (2005);Arcade Fire;Rebellion (Lies);106;779
Madman Across the Water (1971);Elton John;Tiny Dancer;38;642