uri;name
e.snmc.io/i/150/w/939db87edb7f75a59d4f07c6a05c9af3/7709254;Norman Fucking Rockwell!
e.snmc.io/i/150/w/39552a0b80447149e1d713f432c9e267/3034780;Odessa
e.snmc.io/i/150/w/2a97850973b8ebb930257f63ff4d2791/4885803;Hold On, We're Going Home
e.snmc.io/i/150/w/d8281a627e9681799ed43742a5ff6574/4681214;Dancing Choose
e.snmc.io/i/150/w/c29da93b08023216e594e922ab3001af/2197891;Feeling So Real
e.snmc.io/i/150/w/aca7aa59ffb2e29508b62213642207ec/5030617;Black Skinhead
e.snmc.io/i/150/w/fc702bcd42f63f95c9c483f0ea391b65/4610095;Miracle Mile
e.snmc.io/i/150/w/d2102847176ea6b6297a78833ad03272/2616022;The Sun Always Shines on T.V. / Driftwood
e.snmc.io/i/150/w/6101c4b65c636e386a05d66e281e3750/4631319;White Noise
e.snmc.io/i/150/w/40d1f2528775d6bd833ef6621edfd531/4806821;Trouble Will Find Me
e.snmc.io/i/150/w/38de43989b7a2b204eb2b22143f0a416/3299156;Monster
upload.wikimedia.org/wikipedia/en/5/57/ArcadeFireReflektor.jpg;Reflektor
e.snmc.io/i/150/w/ec759a3b3fd1f9d8b692ecea85bfb00f/7508650;She's the One
e.snmc.io/i/150/w/217ca1afe9a10f059e777078df23d7a4/1237645;Distortions
e.snmc.io/i/150/w/d9def1586f32604757e2ac61a77ce5d0/3331962;Going to a Go-Go / Beast of Burden
e.snmc.io/i/150/w/16a36594d0e16d90b035c85d94e5ffca/2971105;Running Up That Hill / Under the Ivy
e.snmc.io/i/150/w/604220cc9715e5f407462fe4ec9cb955/4382061;What'd I Say (Part 1) / What'd I Say (Part 2)
e.snmc.io/i/150/w/a76ecbc40b77e2f6e95b420863856925/2383923;C'mon C'mon
e.snmc.io/i/150/w/01077894efc9c0b04d92ade5b5aa6d1f/3099433;Dancing on My Own
e.snmc.io/i/150/w/cce2a8fecd10877acca0013dd5a36a1c/3035933;Across 110th Street / Hang On in There
e.snmc.io/i/150/w/ee31a7c2e39cc36c4eaae525793765d4/1841811;Iris
e.snmc.io/i/150/w/b05d60ad71a1ee897eff3f762cc78f7b/5937592;Celebrity Skin
e.snmc.io/i/150/w/f0dc9584aacdd40857ee318b2500547a/5901838;The Blueprint
e.snmc.io/i/150/w/c7d7ad202e117235f61a07f2b7f2abdd/3359786;Free Fallin'
e.snmc.io/i/150/w/77c405d2ee751daa2021c130354227bb/1387733;No Diggity
e.snmc.io/i/150/w/7e5436c9de69ddb32b2938737d1ad6eb/3762901;Wouldn't It Be Nice (Stereo) / Wouldn't It Be Nice (Mono)
e.snmc.io/i/150/w/a68fa166e8a3e9fe03085b232cfe49e7/2795911;Umbrella
e.snmc.io/i/150/w/66a0d08f190cb8498fc5f7e733804824/3963739;Young Turks
e.snmc.io/i/150/w/d194d8718abf200ef6b01427f2180f4f/1914196;Stuck Between Stations
e.snmc.io/i/150/w/b0fe314340888a419ece437777e02257/3822153;Goodbye Horses / White Lines
e.snmc.io/i/150/w/dd3cb507d5eab62ef6f0883f8b216e15/2640392;Hero
e.snmc.io/i/150/w/84014c01e8aa0d2407239358f4063d42/3576143;Rebel Rebel / Queen Bitch
e.snmc.io/i/150/w/78b7818b6b10f5ddacc0430fcd7d8cb7/5916679;Rushmore
e.snmc.io/i/150/w/56ae0529ded5f3e81e4d592f701145a0/4740140;Get Lucky
e.snmc.io/i/150/w/c2b55dd7824b2379dd757ef15a67c7f5/4778418;Diane Young / Step
e.snmc.io/i/150/w/a7fc76de14202f30e433edac6f6dd3ca/1568270;You've Lost That Lovin' Feelin' / There's a Woman
e.snmc.io/i/150/w/f6c7950399a18192440891ed1dbd0b2e/2086447;Mundian to bach ke
e.snmc.io/i/150/w/f85c08f546b13b546a2b385a5a2e445f/2376790;Run
e.snmc.io/i/150/w/b73780c462455374eefd571fb167c838/4379321;Gabriel
e.snmc.io/i/150/w/5ffbd25044d49d175db55a2227f7e529/3000364;Just What I Needed
e.snmc.io/i/150/w/93aa8d25bd1c2d7de57671e401c95217/3167105;Swim
e.snmc.io/i/150/w/9cf1c870089a9c52f9030e03ffa0eec2/1246942;Last Goodbye / Lover You Should Have Come Over / Tongue
e.snmc.io/i/150/w/e5fcf655042d7c942a153856cdda969f/6760686;Transmission / Novelty
e.snmc.io/i/150/w/4813afdf12509dd19c2a64c42a8c0573/2605219;The Fear
e.snmc.io/i/150/w/8417f5d7689688ce5f33452f1eef3904/3323676;In Your Eyes
e.snmc.io/i/150/w/e4f0183b2e1f9635e77f39f4bc8260c1/1631431;In Bloom
e.snmc.io/i/150/w/dae9b19555164fc079bd712ff9105ec7/4236530;My Way
e.snmc.io/i/150/w/9e3334e79df267c9be53166526b52d68/6379171;King Kunta
e.snmc.io/i/150/w/164fe9ef6d22baf4e99679745e580cc5/8660605;Gold Soundz
e.snmc.io/i/150/w/e2fc2a108f7e2080fc1ee048a08a5e09/2640437;Psycho Killer / I Wish You Wouldn't Say That
e.snmc.io/i/150/w/e34c8c9d927593c0390c17e765638f6a/2888153;Wild Thing
e.snmc.io/i/150/w/db3c1b047d586d234c281b6e1f9de1af/4133623;Try a Little Tenderness / I'm Sick Y'all
e.snmc.io/i/150/w/077c82556f4229d02982c1318ef17732/2633594;Another Brick in the Wall
e.snmc.io/i/150/w/c3e80a1738eb5cc67ca331202f563ee7/1816987;Sledgehammer
e.snmc.io/i/150/w/5f0b74f17a18c0e2a9b5cd3c497b7814/4974376;The Boxer
e.snmc.io/i/150/w/32fffe8a21a6daf6af5b9cbbb62dec4e/1803865;Gulag Orkestar
e.snmc.io/i/150/w/326cb485c125abfcec29f2577c7aaca0/2715732;Raindrops
e.snmc.io/i/150/w/2d3eefabe4fa10bb4d5425398e94079f/3165974;Shake, Rattle and Roll / You Know I Love You
e.snmc.io/i/150/w/5096c32bce0aa68c57f4b72b92d3c8bb/1993645;Fluorescent Adolescent
e.snmc.io/i/150/w/9a05488d0c314c5732cb003d25a39a90/1350504;Electric Avenue
e.snmc.io/i/150/w/f9c884b4805b62289903f143d6f440ae/2430076;Driftwood
e.snmc.io/i/150/w/2b5a7156e33338129e300081e2005f8d/2837319;The Funeral
e.snmc.io/i/150/w/925cd28a85113f1a52896510940c35d3/4747866;God Loves You When You're Dancing
e.snmc.io/i/150/w/f5851b297f2f24e1d00a246ce4821a06/2639895;Harder Than You Think / Amerikan Gangster
e.snmc.io/i/150/w/0b4d522fb8421babab7259978c6fd236/4257887;Heroes and Villains Part 1 / Heroes and Villains Part 2
e.snmc.io/i/150/w/8d680c3be3ecca9237c6b3a9920bc336/3084242;I Feel Better
e.snmc.io/i/150/w/65e2a135166336ec4f5ad969e9cbaeda/4929862;Reflektor
e.snmc.io/i/150/w/2dc2a4f26e26362ecd55ce3a027db3b8/5949667;I Fought the Law / Little Annie Lou
e.snmc.io/i/150/w/42cdbfecbd1a9e904ddc97be112d14a9/2815149;Ambling Alp
e.snmc.io/i/150/w/6bc78c0094304b8253acfdd216e6b5f5/2906255;Itchycoo Park
e.snmc.io/i/150/w/8721acb2df3ac334a2fbbd8502aab2b6/6602633;Wet and Rusting / Gay A
e.snmc.io/i/150/w/eabe18017da8d4c5ea5f9698c34b04ff/2329117;At Mount Zoomer
e.snmc.io/i/150/w/d4d90b4d5176f55b4c8e455920fd2c63/4916201;Purple Haze / 51st Anniversary
e.snmc.io/i/150/w/da71580c507e532523a5f99ae00db271/3305954;Cecilia / The Only Living Boy in New York
e.snmc.io/i/150/w/74fffc6ce08c4a29a2050975f5d7893d/1283323;You Can't Hurry Love
e.snmc.io/i/150/w/5a8d1366eaf86eb86120a5791a1dcf33/7449954;Chelsea Girl
e.snmc.io/i/150/w/b6c927b1e9153dfe6334aedd5a87066b/4522567;Can't Stop
e.snmc.io/i/150/w/ac4e99e17909436ee15f36c52157c22b/4335329;Today's Supernatural
e.snmc.io/i/150/w/37e93853fbd45dc5eb45e0076d48f6ce/2174283;Respect
e.snmc.io/i/150/w/e82ce6d0b0d6b2d8da3f215981ec2a19/4785911;This Is '98
e.snmc.io/i/150/w/25632a9b98749476117eb595b53abc11/7286491;Romeo
e.snmc.io/i/150/w/33710ca6adb478bfad8f2b8c86b688d5/4706795;While My Guitar Gently Weeps / Blackbird
e.snmc.io/i/150/w/3cfade9b3e47b18413c1864852f8678d/1575637;Heaven Is a Place on Earth / We Can Change
e.snmc.io/i/150/w/ca71152bcb3f725565ba028e193b8e43/1690900;Groove Is in the Heart
e.snmc.io/i/150/w/8a17a18023af812f6020137877a3e68b/4669057;Living for the City / Visions
e.snmc.io/i/150/w/a0d5bec1004ec3681534da843a845506/2894866;Shine Blockas
e.snmc.io/i/150/w/6564e4a6aa3d91df689a6640564c9bdc/1282654;Sunshine Superman / The Trip
e.snmc.io/i/150/w/47d44384ae9994b48092eb667191c501/1354532;Fight Test
e.snmc.io/i/150/w/3d04d3335023693cc23723ccadea9db9/2332026;Lucky Man [CD 2]
e.snmc.io/i/150/w/85259664eb84f1e2969e0c4167de780f/1469769;Gold Digger
e.snmc.io/i/150/w/3c56d25fe413acdfce1a657b749af504/1972785;Eye of the Tiger
e.snmc.io/i/150/w/413e2a17a82e95b92882f6cb8392338c/1268161;Today
e.snmc.io/i/150/w/7a21d6b07b7a5916b34da88a214b49d5/1691351;Breakfast at Tiffany's
e.snmc.io/i/150/w/464f02e9d630603719d8a3a6b8fbea2b/6112290;Burn the Witch
e.snmc.io/i/150/w/800cb3b8fcb8e39433cad58485481115/6405923;Ultralight Beam
e.snmc.io/i/150/w/e340cfddffb0407e2a3ff055e1e8ee4b/6524952;The System Only Dreams in Total Darkness
e.snmc.io/i/150/w/a46476297062413cffaad2297479a4cd/6256353;A 1000 Times
e.snmc.io/i/150/w/e40e58fab4423d1fce2019e8e5bd0daa/6168909;Drunk Drivers / Killer Whales
e.snmc.io/i/150/w/a34244dacbcef605954f83c87be04eed/6200729;Famous
e.snmc.io/i/150/w/316461a7d14f56963f6f899431b518f8/7965372;Loud Places (Remixes)
e.snmc.io/i/150/w/61997c88c585a69c581b60e70e1130b4/4238265;Tamacun / Amuleto
e.snmc.io/i/150/w/94e2e9a75379c0fb787a61bdf0d84c0c/3434888;Pumped Up Kicks
e.snmc.io/i/150/w/9efbd0975c446bd3eba9340cdb400adf/1365164;Drinking in L.A.
e.snmc.io/i/150/w/500a08a4b3f5d299ef9982e14935f557/2330479;Funeral
e.snmc.io/i/150/w/81af328067feeed0c0efe2dadeef5041/2206842;Surrender
e.snmc.io/i/150/w/e402cfc058f9a010fb413fdec447bf4b/1699355;When You Were Young
e.snmc.io/i/150/w/f1f916b1b3d3fc1f73d484f4e53b9840/2563079;Trouble
e.snmc.io/i/150/w/26cabbb96e21f8f36cd99496398db244/8408729;The Daily Mail / Staircase
e.snmc.io/i/150/w/9b29330b40854e1574ad88e24e27e6c6/4083986;Fear Fun
e.snmc.io/i/150/w/60d7bec32c3921d27cf3f4eb3c75600d/1774375;Superstition
e.snmc.io/i/150/w/5f24761274b97bdb757befd56b40c007/1355699;Turning Japanese / Talk Talk
e.snmc.io/i/150/w/bd115db96452e7cba951458d8017b350/1431357;The Stone Roses
e.snmc.io/i/150/w/f5429b32f623b2cd034c0bd60b5bc36a/2374585;It Was a Very Good Year
e.snmc.io/i/150/w/19ad21c8c154678ff91ecc8c6bbaefd6/2878736;Ob-la-di, Ob-la-da / While My Guitar Gently Weeps
e.snmc.io/i/150/w/d9fcee993f7d478d20c85baf4be0e0c9/2469515;Dear Science
e.snmc.io/i/150/w/4f58a063c8146de7e2cf735f2cab756b/1437823;Portions for Foxes
e.snmc.io/i/150/w/0194af5f3e957219fb65ebf184c28d75/8661405;Silent Alarm
e.snmc.io/i/150/w/06fcc4375463d9536d4dc10b402fc8a7/2177144;Touch Me / People Are Strange
e.snmc.io/i/150/w/05ef8dd3362473b3f85ce6ec29fa552a/1228592;Are You Ready for Love
e.snmc.io/i/150/w/2c6009439266ace8470f86d7f9af45e3/2703058;Only You
e.snmc.io/i/150/w/68229e316fcf2dbe40b3345a9c34f3da/1473431;Fix You
e.snmc.io/i/150/w/5cff60bc5cbc6c10908c81fc7ec838e0/1687835;Surfin' Bird / King of the Surf
e.snmc.io/i/150/w/d764d49b1482e9fad508ea84c94aa50b/3211844;Ya Mama
e.snmc.io/i/150/w/a8227402b5c5f69a4046ccaf3bca1e58/2269064;Fiesta
e.snmc.io/i/150/w/b38be5fb878e0d863801420350cf5c71/1333900;Played-A-Live (The Bongo Song)
e.snmc.io/i/150/w/ffb6acbf622fa399e257ea35c30c8bf1/2408113;White Flag
e.snmc.io/i/150/w/6199021af1fdb86dedfd1f334d0ef2e9/6705227;The Greatest
e.snmc.io/i/150/w/e7aaa98984112f53bf3f8956c8db249f/7919222;Nine Types of Light
e.snmc.io/i/150/w/6a3df2bb61359007c267a2c129f12954/2160207;Fisherman's Blues / Lost Highway
e.snmc.io/i/150/w/38e44551818aa3a1db1c6fe0cafd2c32/2812881;Hurdy Gurdy Man
e.snmc.io/i/150/w/aadf52a6de79fc1b1c5261ba5771ab55/1858010;Polly
upload.wikimedia.org/wikipedia/en/thumb/0/02/AngieRS.JPG/220px-AngieRS.JPG;Angie / Silver Train
e.snmc.io/i/150/w/912de282bc20f5005cef7e769cf138aa/3872320;Honey Bunny
e.snmc.io/i/150/w/af9c9746b091a1b3b5ce496e9bb0ad7f/1856014;Bennie and the Jets / Harmony
e.snmc.io/i/150/w/c89e915ca95ff92069372f459068ed42/1884281;Because of the Times
e.snmc.io/i/150/w/4f2da19b79a4c3181405c1bdb9b1c3c6/2869884;Sweet Disposition
e.snmc.io/i/150/w/2645c821a14fd9d8a1bf73530f3a2e1e/1368309;Everything Is Wrong
e.snmc.io/i/150/w/f5b1e34de3737127f41732190cbff042/7805526;Icky Thump
e.snmc.io/i/150/w/2910fccc52821fbce9371d6b2d7ef0c3/1685972;Oh Mandy
e.snmc.io/i/150/w/5e5dad75549b73064de59505f7551985/1218455;Fernando / Hey, Hey Helen
e.snmc.io/i/150/w/a9c150a9f6d795f543a83cfc3f1d9e4e/2600498;Wicked Game
e.snmc.io/i/150/w/81ffced410348f0f06953830fdf4c90c/6323869;A Little Less Conversation
e.snmc.io/i/150/w/c813f24feede95d77602c4dfeac0bebc/7738606;Humbug
e.snmc.io/i/150/w/97e15250fa2edfbf4111022ae676132b/1369028;Let It Bleed
e.snmc.io/i/150/w/c9e5f65c2c65045e8998e4021446e7b9/4028704;Blood Bank
e.snmc.io/i/150/w/f34b8ea52831e24892a04dbfb73aca4b/3000437;Drive
e.snmc.io/i/150/w/e87bdf57b2fa9c1fc9e9afdfc8f4db2c/1249442;Scar Tissue
e.snmc.io/i/150/w/7eae0a317fe80637ebf08d8e7305dc78/1902851;I Walk the Line
e.snmc.io/i/150/w/55d606f2a2ac7ec3f362c361bd54489b/8796180;Mellon Collie and the Infinite Sadness
e.snmc.io/i/150/w/0caba94c4b1ea0c36d70e7ab844f643e/5470141;Heartbeats
e.snmc.io/i/150/w/56dbb2d4424b48e5b3e43673f34c00df/8638901;The Masterplan
e.snmc.io/i/150/w/a861f97f71214984b8c70026882354d3/6223774;Hey Ma
e.snmc.io/i/150/w/5c827b2fdf70597053e2be57f961eddc/1483969;St. Swithin's Day / A New England
e.snmc.io/i/150/w/52d021c1b94ccff5209e21de758c5997/7346711;Whatever People Say I Am, That's What I'm Not
e.snmc.io/i/150/w/da3b1b08e15016edbce78f1bbe3330cc/6379514;Intergalactic
e.snmc.io/i/150/w/2fbb6444672e85d36b9a3c7fdc91745b/5800714;An Honest Mistake
e.snmc.io/i/150/w/99cf49541b0fc2106a2082ebbca87e31/2224207;Battle Without Honor or Humanity
e.snmc.io/i/150/w/67a56140037ea50ee5ee753c4b473ff1/6714795;Do It Again
e.snmc.io/i/150/w/ff92a9f22232ce117feed92859e689ac/3209281;Sweet Child o' Mine / Sweet Child o' Mine
e.snmc.io/i/150/w/0b7fdc2bfe0dd08a5a4f4c0de19b8853/3616417;Town Called Malice / Town Called Malice
e.snmc.io/i/150/w/60e1aad6e0fcfea3bd2d5b44d8b3d0a6/1923186;Down Under
upload.wikimedia.org/wikipedia/en/thumb/8/8a/The_Weeknd_-_House_of_Balloons.png/220px-The_Weeknd_-_House_of_Balloons.png;House of Balloons
e.snmc.io/i/150/w/3e875fd87296e0c1632159cff5c3e66d/3660993;Darkbloom
e.snmc.io/i/150/w/337d3c068aa2e516553c995df3778146/3959088;Wetsuit / Tiger Blood
e.snmc.io/i/150/w/58a95aa3118d1bdd025fe5a5cfda3e5e/2752807;20th Century Boy / Bob Lennon
e.snmc.io/i/150/w/587807f31d5bdfdf66d2b1b3c6b6b8e0/2422946;Falling Slowly
e.snmc.io/i/150/w/6e0770038e7a9390d3721eb1e147fdee/5272278;Boxer
e.snmc.io/i/150/w/8f82245f20a6774b16168599a15086ab/2988509;Miss You / Faraway Eyes
e.snmc.io/i/150/w/4095348a51c8faeced5335ba1c962782/3772525;Summer in the City
e.snmc.io/i/150/w/4e9d062ccf9e99cda43b461864d83919/1389488;Red Right Hand
e.snmc.io/i/150/w/4f72947d0c270300c783833ee7d5cf1a/1290809;Daysleeper
e.snmc.io/i/150/w/65017456121b530e8435ea2f58f5c8d7/1645593;Cum On Feel the Noize / Run for Cover
e.snmc.io/i/150/w/6fc7d71e79b9269f031a4e7f54c1e633/2393857;Daddy's Gone
e.snmc.io/i/150/w/3646cde15c0a1bb033cd821598c25b6e/1745191;Nothing Compares 2 U
e.snmc.io/i/150/w/493218bdc066acaeec81462c7c80688e/1454028;L'amour toujours
e.snmc.io/i/150/w/25eb0db864f3a1e367116bfad4b76874/1422873;An American Trilogy / The First Time Ever I Saw Your Face
e.snmc.io/i/150/w/e85a9e2a8076129979aba84a16bd6979/2082364;The Hollows
e.snmc.io/i/150/w/4fc89fc6223cea8e10c012ca1c25134f/3438670;Opposite of Adults
e.snmc.io/i/150/w/6202c3f7832c97661ee081290f128123/1816997;Solsbury Hill
e.snmc.io/i/150/w/2f4cb888e1b7df1d87d5dc022c2c1d76/2397048;Home Is Where You Hang Yourself
e.snmc.io/i/150/w/bcb9ed8108ce9dcc1c02fcd1f4772a33/4299348;Laura
e.snmc.io/i/150/w/7bfbfa0f9651d83d3ca2bdc496960ac2/5851842;What Is Love
e.snmc.io/i/150/w/6064308dc22d80c43c73e485ba396b42/5708975;Brown Sugar / Bitch / Let It Rock (Live)
e.snmc.io/i/150/w/ca0d70f5c87de8021e1213e10a71688b/5468784;Syro
e.snmc.io/i/150/w/264ddac6f2b33dd55eebed15b65c2a30/3455170;Mine Is Yours
e.snmc.io/i/150/w/e5ec8a99d8b45ae9a455460ee1f65444/1349971;Around the World
e.snmc.io/i/150/w/d5403c022d26fbdc34abe2cc251cf177/1901509;Proud Mary / Born on the Bayou
e.snmc.io/i/150/w/ad674ced2eb9d98be1aa9920a1b1968b/2625481;In the Ghetto
e.snmc.io/i/150/w/5d69c0ecca3c64ac6a2248c7ccca9a1d/2127585;Kelly
e.snmc.io/i/150/w/2c3c9edb17c71b4c1ec1640df4fb93aa/4874301;Blueberry Hill / Honey Chile
e.snmc.io/i/150/w/d446c92227a84dc550f62189c1efd456/3578298;Song for Whoever / Straight in at 37 / You and Your Big Ideas
e.snmc.io/i/150/w/e2cb21ed8144becdb1842cf870670ce8/3817033;iTunes Session
e.snmc.io/i/150/w/e8d1e534b392e6c800d29457450e0036/6555348;Don't Worry Be Happy / Simple Pleasures
e.snmc.io/i/150/w/05a9c897fe8fd08e78fee4de492cd39f/1561387;Calling It Quits
e.snmc.io/i/150/w/2099fbad4789a3dc38e1ac4226bd33b9/2165749;Natural Blues
e.snmc.io/i/150/w/45771b3bc40e51fa3fa4fa041b4ef73c/6234890;All I Need
e.snmc.io/i/150/w/45bf01bf68a10e6b2efd58792b7f32df/1615597;SOS
e.snmc.io/i/150/w/49699a0b721b55a53e33fa3fc8917b2f/1349264;Day Tripper / We Can Work it Out
e.snmc.io/i/150/w/886984fbaf1f0551700d330ef5d5ebdb/1497737;Going Underground / The Dreams of Children
e.snmc.io/i/150/w/6bb59f993687926ea9f20272afbb02a4/1219145;Monkey Gone to Heaven / Manta Ray / Weird at My School / Dancing the Manta Ray
e.snmc.io/i/150/w/f9db16e6c1a8a911a0dab03e821e78da/3268453;Time to Burn
e.snmc.io/i/150/w/87b2f748a3389b5ebb08f6b89c0fa40a/2180958;Vampire Weekend
e.snmc.io/i/150/w/2a42e05abcc2714da2f434f4b286bef6/1794561;We're Going to Be Friends
e.snmc.io/i/150/w/f63b3c0d75f5741772fcc14445fb0692/2407540;Gimme Fiction
e.snmc.io/i/150/w/af419efe98f49f77fadb8fe8678dad63/4357311;Man We Was Lonely / Maybe I'm Amazed
e.snmc.io/i/150/w/3df21dc58518fb48ed154e7d5631504d/3227978;Beat It
e.snmc.io/i/150/w/c8d87679fbad437450c7452bae9f5c98/3877296;Crimson and Clover / Some Kind of Love
e.snmc.io/i/150/w/e4554825a4ff0beb4de342bffeb52737/8771374;Hearts of Oak
e.snmc.io/i/150/w/350bc182d1664ae4b6291771950d18d2/1858757;Over the Rainbow / What a Wonderful World
e.snmc.io/i/150/w/895e910fcd0e38fd21455e18a0b56dc7/4399029;The Sounds of Silence / Mrs. Robinson
e.snmc.io/i/150/w/7ff4c6b269dbf52b43aa73cbe39fa176/6245080;Oblivion
e.snmc.io/i/150/w/4475eb1979c3662eae97ba761be1bd22/7474814;We Used to Wait
e.snmc.io/i/150/w/cd3b971ec06214092a009c0067f47558/1361803;Turn! Turn! Turn! / She Don't Care About Time
e.snmc.io/i/150/w/9f13d6362524fa56bf7600f0c288caaf/3107665;Expo 86
e.snmc.io/i/150/w/09d2e6ab03c955af23d9509a19f65393/2096467;The Passenger
e.snmc.io/i/150/w/4a5247bce1bcbfa506bd672614f0d0cb/7842653;Friday I'm in Love
e.snmc.io/i/150/w/44cf01f538875bc3698e848a5af15ca8/1231376;Buck Rogers
e.snmc.io/i/150/w/6b667ee96a4f73606db2274bffc54964/2435760;Le Tigre
e.snmc.io/i/150/w/71ea288e9cbd194cfcbefa91c07eaa8a/1705013;Sultans of Swing / Eastbound Train
e.snmc.io/i/150/w/0fb5b589f145ccb8bd469ce513d82bc3/2729864;Heads Will Roll / Heads Will Roll (Passion Pit Remix)
e.snmc.io/i/150/w/ae17e756ce81ab4f80b873aa81045186/1255746;Killing Me Softly
e.snmc.io/i/150/w/664ec96ce7f013aa2f979f48e5d45075/2785150;Killer Queen / Flick of the Wrist
upload.wikimedia.org/wikipedia/en/5/53/MySharonaCover.jpg;My Sharona / Let Me Out
e.snmc.io/i/150/w/35bee3126f0ec1fb844d37d910cd3237/3094385;You Got Yr. Cherry Bomb
e.snmc.io/i/150/w/4691bf8d0c63dd6a42ed2ad7500f7ff5/3736863;The Words That Maketh Murder
e.snmc.io/i/150/w/b1609c299eedab59dd669f23d223b528/1265892;She Wants to Move
e.snmc.io/i/150/w/10552e5aff35a21d7d4caac8521b4b26/1311782;Do You Realize??
e.snmc.io/i/150/w/ba45c37ce516e35d0ed3407bc497b991/3026408;Over the Hills and Far Away
e.snmc.io/i/150/w/6b14f93c2b14e46c24f65f36c4acd3db/5508407;House of Jealous Lovers
e.snmc.io/i/150/w/a8b98f2d38f98228b50ce98330fa6867/8905349;Secret Meeting
e.snmc.io/i/150/w/be5863edcde428cf5d9f33ed208c37e6/2729646;The Warm Heart of Africa
e.snmc.io/i/150/w/f4b4efcb66db73c248202e64333313de/3006975;Percussion Gun
e.snmc.io/i/150/w/b9569b79150492e1a370a2ce3c9c3b2d/3644271;Rill Rill (Clique NewTrends Remix)
e.snmc.io/i/150/w/c0cc4efa051b06015de949d477e2944c/1581133;Love Me Like You
e.snmc.io/i/150/w/d8f0d618b8e43e15819983105b334d8c/5487642;Three Times a Lady / Look What You've Done to Me
e.snmc.io/i/150/w/848c6cf5a114876895686adb7a54190f/1894381;Mmm Mmm Mmm Mmm
e.snmc.io/i/150/w/87820694a22b7eabab2ea5c7631af3e1/8412142;Boys Don't Cry / Plastic Passion
e.snmc.io/i/150/w/99de9f01676506fe1b9cd7444b5c09aa/1288704;Make Me Smile (Come Up and See Me) / Another Journey
e.snmc.io/i/150/w/263a0c2e505555275980a941a5c227c2/3305855;The Message
e.snmc.io/i/150/w/9681a89b60d80ecaceb1188ce80d1e1d/3842363;American Boy
e.snmc.io/i/150/w/6d8ebcfd0d1b0afe8741079faff3b871/4002300;Nightcall
e.snmc.io/i/150/w/5508a0656bf9e5642976450248797e1c/1810929;Golden Skans
e.snmc.io/i/150/w/3f4dda58cbc3186a0c33c87f7baecc24/1713519;This Charming Man / Accept Yourself / Wonderful Woman
e.snmc.io/i/150/w/bd3a6e7ac4be0d29579444cb5635414d/1278811;You Sexy Thing / A Warm Smile
e.snmc.io/i/150/w/4416a42bcc5c7f69d6fcfc0a9ab401fc/3190884;The Monitor
e.snmc.io/i/150/w/5c0e4fb53eaf40b255480cfd700af41e/8701984;Apologies to the Queen Mary
e.snmc.io/i/150/w/2f1fce01b330c4e16dfccc0135f7e585/3885032;We Bros
e.snmc.io/i/150/w/4f56ee6999f81a5f45570d0ae04a64ba/1722631;Let's Make Love and Listen to Death From Above / Acho um pouco bom
e.snmc.io/i/150/w/a3da7dcad54e8a0ea5c058cffd995469/8528538;Forever
e.snmc.io/i/150/w/7023fec0d7c3f15b8fa78f1d20d1c692/4148772;Call Me Maybe
e.snmc.io/i/150/w/3d0b97c54d8cd9bbab1fe34ab651784b/3138100;The Importance of Being Idle / Pass Me Down the Wine
e.snmc.io/i/150/w/cf50f4bb1095c24c99792bf0844e0d31/1919655;I'm on My Way / Over and Done With
e.snmc.io/i/150/w/eac18b16a90c62f241449ec847099808/2975016;Pretty Fly (For a White Guy)
e.snmc.io/i/150/w/214524a53af3c0ec883fb5988ddc3316/7995710;Juicebox
e.snmc.io/i/150/w/1676199d1086c1a766c8bd025e7cc403/1994519;Homecoming
e.snmc.io/i/150/w/6c7b31e371403dd52b221b2df26e04e4/1349962;A Design for Life
e.snmc.io/i/150/w/77f253913f243982593ff65196a5c4c4/1859607;Standing in the Way of Control
e.snmc.io/i/150/w/f30cd5a3134b6919a8a5353e24de7584/1619794;She Sells Sanctuary
e.snmc.io/i/150/w/d509a1738a01daea201faf2800da50c2/1393693;Mr. Jones
e.snmc.io/i/150/w/b65bf4ad51592f36078d44e63be3ca10/1644895;Young Folks
e.snmc.io/i/150/w/2553d88444dd3f656980aaaf9a7a3e2d/6830515;Streams of Whiskey
e.snmc.io/i/150/w/bf71577f20c6a125442918811fcfafa0/1616139;Head Over Heels / When in Love With a Blind Man
e.snmc.io/i/150/w/4f662ca6bb5ad762127ad5a752187610/3448108;Sunday Morning
e.snmc.io/i/150/w/d6693a44b30821ea70339a1d726a8701/3588651;Go Outside
e.snmc.io/i/150/w/ed1562f41bbaa287e03f0fdbd548ac07/3297169;F**k You!
e.snmc.io/i/150/w/7eec145ce50151037e494ee6a96c74eb/3673372;Suck It and See
e.snmc.io/i/150/w/aae65b2d5333e7ad6ccb7b25b5c10f8a/1627342;Electrolite
e.snmc.io/i/150/w/67ed75e8bbf101adcddfc62bcc83f82d/1350129;Atmosphere / She's Lost Control
e.snmc.io/i/150/w/729d586979ff64b79a7e311211dea71d/1814271;Kung Fu Fighting / Gamblin' Man
e.snmc.io/i/150/w/4a761e104484b9cfa7837483907c400c/3152607;Wouldn't It Be Nice / I Get Around
e.snmc.io/i/150/w/f0c0a4aa0cef87b8bde53e16f61cb56d/3796902;Otis
e.snmc.io/i/150/w/0525080ff1c254f1375ee54bb786e9c3/1311665;Handbags and Gladrags
e.snmc.io/i/150/w/e0a2560bbcd2de2f44c760bc80c0700e/5100331;Goodbye Yellow Brick Road / Screw You
e.snmc.io/i/150/w/e258e5bab800e9f0fbd27abda8772fec/1742958;Perfect 10 [CD1]
e.snmc.io/i/150/w/f697bb494c07fdac775a897d3d8f2db9/6303339;Doolittle
e.snmc.io/i/150/w/62a8917ea76ba7c3b2bb33785b558e7c/1659148;My Girl / Theme From My Girl [by James Newton Howard]
e.snmc.io/i/150/w/49d9303a494960275198ae6914ba7dc4/5191061;Either / Or
e.snmc.io/i/150/w/101130efa04e86eb78bb491f18f0d22c/2124962;American Dream
e.snmc.io/i/150/w/8f689c1c9d3b332fc3a1d7c771aded97/4346528;Neon Bible
e.snmc.io/i/150/w/5d6d44046cf10b56ba611814fa32bc0a/2310544;The Rip
e.snmc.io/i/150/w/6fbdf6a0fc4fda2bd6a823cf06e05586/1581831;The Lady in Red / The Vision
e.snmc.io/i/150/w/ccdb16e470b545d56dae4dd55bb2c2f2/3877610;In Transit
e.snmc.io/i/150/w/e97463b1b7d8542aae85fd51991906bf/2417247;Virtual Insanity
e.snmc.io/i/150/w/6159ad7d6d73b94f20276c7f24734a5d/4001673;Walk This Way / Walk This Way (Instrumental)
e.snmc.io/i/150/w/8502b691a97faccffa82d9850995e711/2091924;Run to You
e.snmc.io/i/150/w/fc4b9ce94e02068e4463e992162a499b/4331753;This Is Love
e.snmc.io/i/150/w/e6142e59bac34772015d05115871a707/2621248;Drive
e.snmc.io/i/150/w/dae1457f4758e7dc8d132ebbafa52dd4/1383156;Honey
e.snmc.io/i/150/w/52871563d1379b6f88f5e1920c7baf9c/4236322;Lloyd, I'm Ready to Be Heartbroken
e.snmc.io/i/150/w/1f095f3114a4a38e2a80c0f741a15198/3032505;Strawberry Letter 23
e.snmc.io/i/150/w/7acd7a260c85a226decd9d98760a374c/1417292;The Next Episode
e.snmc.io/i/150/w/3e89d67f62bfc12bbf02aa3a55ab47c8/6171426;Turn On the Bright Lights
e.snmc.io/i/150/w/d620d722026f2403080610723fa6457f/1368065;Dakota
e.snmc.io/i/150/w/f8eddfaeee670f05256d43f5a21000e1/1234348;Ceremony / In a Lonely Place
e.snmc.io/i/150/w/387c84e5896a427c8886ec9647d5d452/3231262;My Name Is
e.snmc.io/i/150/w/4171303ec11632350fbbb93ac5150d24/2345800;West End Girls / A Man Could Get Arrested
e.snmc.io/i/150/w/d97e3ba55b14b72335f45d4a85bdf24e/1361381;Smalltown Boy / Infatuation / Memories
e.snmc.io/i/150/w/712a4d596d9598099d31baf0adf250f0/5633527;The Drugs Don't Work
e.snmc.io/i/150/w/b939e4c3099619e5f9fb85c7e162a538/1428058;Ghetto Gospel
e.snmc.io/i/150/w/ad815f872a601e09f819f17b6a05be94/1581674;Cannonball
e.snmc.io/i/150/w/2ed3c10f0d45e76810b8858978b18c6f/1305227;More Than This / India
e.snmc.io/i/150/w/19475752dd07110dd75db334610fdffe/2150411;What Difference Does It Make? / Back to the Old House / These Things Take Time
e.snmc.io/i/150/w/5d70cd7163251e40ad04d08474fd9c4d/2641480;The Gambler / Momma's Waiting
e.snmc.io/i/150/w/25a3c82902572781e5741c390a2a404f/3389141;I Say a Little Prayer / The House That Jack Built
e.snmc.io/i/150/w/3cad145ba9b2f7793abfa6c652268859/2466567;Made of Stone / Going Down / Guernica
e.snmc.io/i/150/w/122ea8003bc8c7ef6cd5ea8eafbf2531/3144306;Giving Up the Gun
e.snmc.io/i/150/w/b5cf9da23d1413b176e859eceb42a3a8/2415676;Love Lockdown
e.snmc.io/i/150/w/b9df41488da293756fdfd1f778155185/4207461;Green Onions / Hip Hug-Her
e.snmc.io/i/150/w/f18ce26e97345f5b61664a579d5c2330/2407258;Don't Look Back Into the Sun / Death on the Stairs
e.snmc.io/i/150/w/29c7620fb106a2ad5c8a71da4fad606a/2235010;Nude
e.snmc.io/i/150/w/b3bbc1b7b98c6894206c7e810e5c775f/2250829;Every Breath You Take / Murder by Numbers
e.snmc.io/i/150/w/b77f009302e033edb6a2fd2ac603d71f/3866699;Holocene / Come Talk to Me
e.snmc.io/i/150/w/d23ec5b2c0e56b1b5342a1bef8877c6c/2151440;Hometown Glory
e.snmc.io/i/150/w/31e431d68121c6e802d1419f826324ae/2573465;Within You Without You / Tomorrow Never Knows
e.snmc.io/i/150/w/8f689c1c9d3b332fc3a1d7c771aded97/4346528;Neon Bible
e.snmc.io/i/150/w/6ce53747ff3144fbe5d9006be7b0c440/2958589;O.N.E
e.snmc.io/i/150/w/5aeeaae4733febd15a7c05dc1b4a29fe/1246107;Gay Bar / The Living End
e.snmc.io/i/150/w/0c75ec2fe0ec1616b7c7c446299b2dba/1269043;Saints and Sinners
e.snmc.io/i/150/w/ce5eeb2beb6b58d50bbd2239e3500661/1471030;I Try
e.snmc.io/i/150/w/3c60bee34c7e5256bd5725bd4e2cbd5a/2917472;Daylight
e.snmc.io/i/150/w/69e49745f979c2f9f3066de6a7971d06/1710116;Video Killed the Radio Star
e.snmc.io/i/150/w/058b3506b9329fe120f005dc169ecbdb/3020337;New Morning
e.snmc.io/i/150/w/a5f58febab197e29b74245db59e7cc40/5607713;Blur's Country House
e.snmc.io/i/150/w/7b9561b58f668b33fd764dee0062141a/1554726;Foxtrot Uniform Charlie Kilo
e.snmc.io/i/150/w/4616dd2dc29553131a61472ecc7d6266/1878597;Alternative Ulster / 78 R.P.M.
e.snmc.io/i/150/w/86859f6620723c8b9e0ed02bc758ecca/8253146;I Turn My Camera On / Carryout Kids / You Was It
e.snmc.io/i/150/w/65c6398db6f9d9ab0e00b31627733691/2687460;Mr. E's Beautiful Blues [CD1]
e.snmc.io/i/150/w/86b8a11e7b1ed0fb2c31f5cab285e367/1573828;I Miss You
e.snmc.io/i/150/w/24d8a2ee700baf59e66b9cf448979f00/7131011;Hang Me Up to Dry
e.snmc.io/i/150/w/fca5471a6c3bf4e04511e21885b5304f/1209195;Danger! High Voltage
e.snmc.io/i/150/w/fa4ddff51cb5fd7a4d329099fb759358/2169189;Kinky Afro
e.snmc.io/i/150/w/55688bc1bd418e873cf875ccca75341f/5532407;2 + 2 = 5
e.snmc.io/i/150/w/798995e060950ca1236019cfb4aed3dc/1482495;The Boxer / Baby Driver
e.snmc.io/i/150/w/68384c6bfa10a4e06321f7f88245bf23/1318074;Fade Into You
e.snmc.io/i/150/w/f06d3df59da875c5b87bc89b51f2cc56/8598213;This Is Happening
e.snmc.io/i/150/w/074c37cc0bf83bb7078c33997a6d68e9/3854781;My Special Prayer / When a Man Loves a Woman
e.snmc.io/i/150/w/dc4ccf263d4b81562d202f8e9948cc6b/4032235;Cannonball
e.snmc.io/i/150/w/2931dc629c4a7d18a31298430b9b36e7/3654220;Black
e.snmc.io/i/150/w/0908164bb038a19a11bed7bb5dedf0b8/3808118;Bad Romance
e.snmc.io/i/150/w/4e66678a77e5cdd9b517e60a0b15a952/3102302;Baby Style
e.snmc.io/i/150/w/291484c657abd854ca62d28016f9b195/1412239;Otherside
e.snmc.io/i/150/w/9f85aa6757d9851fd99223fc1b7b9b7a/2504803;Sweetest Thing [CD1]
e.snmc.io/i/150/w/8ebed35c2b4687d412b61d37f8ec5f52/1249436;Steal My Sunshine
e.snmc.io/i/150/w/413c795ab01271f9f8f90b6cfb4895d4/3575261;Tree by the River
e.snmc.io/i/150/w/fc2926eb0cde8fdc603ebee05b689929/1574495;Young Americans / Suffragette City [Live]
e.snmc.io/i/150/w/2ff22c2cdf0427057cf09f975a807a3c/6463894;Pounding
e.snmc.io/i/150/w/e9b1bb18ff7ca8b0ecc888b45d36f77f/1477038;We Come 1
e.snmc.io/i/150/w/1c4e4683ab3dbd078e76c06f8dd24fbd/6997066;Relax / Ferry Cross the Mersey
e.snmc.io/i/150/w/945d0d61073e9fad280a9ce8fc475837/1538388;Paradise City
e.snmc.io/i/150/w/ba3f7a9a40dfc9b2d0b60f3ec2a1d617/2780421;Fall Be Kind
e.snmc.io/i/150/w/d89e164e0b24b3d59fff0db6dbbadb09/8879640;Amnesiac
e.snmc.io/i/150/w/ae438d5eae2ad308fa491914b34c911a/4121225;Ready to Start
e.snmc.io/i/150/w/ad5d653b9c9031093e1ee53cab4c8af8/4899222;Matthew &amp; Son
e.snmc.io/i/150/w/72ef5e7cb823b0811cc9008e06096582/3983801;Subterranean Homesick Blues / She Belongs to Me
e.snmc.io/i/150/w/ef168fea2cc8e3f68bdc1c44922885cb/1691498;Without You
e.snmc.io/i/150/w/1ed3d0614ae92f4978e14b9717f8dc9c/5308154;Waterloo Sunset / Act Nice and Gentle
e.snmc.io/i/150/w/bf7a3a2fd2ba8b81689231e30a62bea3/5894499;Black Dog / Misty Mountain Hop
e.snmc.io/i/150/w/d4c5bc9053675b60924d586924f6e1f8/1406551;Neighborhood #3 (Power Out)
e.snmc.io/i/150/w/c14516a7ca2bb2283ed726a4aa6ef7cb/1248295;Sloop John B / You're So Good to Me
e.snmc.io/i/150/w/8600f0394eeb8b24c05c58f83d36ef31/4034525;Stayin' Alive / How Deep Is Your Love
e.snmc.io/i/150/w/3e6fc43dec91de8ece83aaaacf58880a/3050931;Total Eclipse of the Heart / Straight From the Heart
e.snmc.io/i/150/w/269affd604ce86d36671b4712661ca1d/1275730;Into My Arms
e.snmc.io/i/150/w/1f5b32667a2f0842dd65cf51126179b1/1677374;Boy From School
e.snmc.io/i/150/w/a4da516ed6cb1ce678ff448fcfd869d7/1757959;November Rain
e.snmc.io/i/150/w/70fefe5814ad16e138ac6bf5ec149a25/1792965;Black Sheep Boy
e.snmc.io/i/150/w/f53984ac7138c584b2b6bd858b0bce05/2017137;Streets of Philadelphia
e.snmc.io/i/150/w/3cd1e4c9e5f5f0314863edf88819d5f9/1254635;I Don't Like Mondays / It's All the Rage
e.snmc.io/i/150/w/0665221bdf9d67d2b9b7ed6f4b520e29/8022500;In Between Days / The Exploding Boy
e.snmc.io/i/150/w/fa31259df33e757d48c17cad46daad44/8361409;Novocaine for the Soul
e.snmc.io/i/150/w/b531bc074a7cd227fba9aba227d7a5e1/3983924;The Seed (2.0)
e.snmc.io/i/150/w/70f79d74ed6f8a54c7ddd90b583444e0/1443259;Save Tonight
e.snmc.io/i/150/w/cb0a04c2fe8d58ec3d78881ad4f9fae5/2219978;Whatever
e.snmc.io/i/150/w/66dc13999218d5c48aee258b2cf98bc8/1518746;Scooby Snacks
e.snmc.io/i/150/w/6015858d6f9f21a378f570ef23f8acf9/1777078;Raspberry Beret
e.snmc.io/i/150/w/e6c55584650f63d966e9608c84ed1989/2014543;Been Caught Stealing
e.snmc.io/i/150/w/e065488e2023bb66b5c72ba3fa7c09da/1851619;Buddy Holly
e.snmc.io/i/150/w/3a1ca4410becbc4037fcf9d08419c71f/4188119;Wonderful Tonight / Peaches and Diesel
e.snmc.io/i/150/w/8f1d19a26374bffd64d9daac4296e7c8/2691311;Discovery
e.snmc.io/i/150/w/b6f26bcceeb93350dc2f40e82302832a/3518208;The Suburbs
e.snmc.io/i/150/w/aac226e679ef24eb5e29b095ca605bf1/1723796;The Crane Wife
e.snmc.io/i/150/w/92249a96422073a694e20e574171c7e7/4313743;Family Tree
e.snmc.io/i/150/w/9b4ae24d39b290f988211b87d9ae8100/1394174;Ask
e.snmc.io/i/150/w/a1b8ff8782d981c7da07e40444ebdaca/1392913;First Day of My Life / When the President Talks to God
e.snmc.io/i/150/w/a98b191c3489a6664a9e19faf7c6c2d5/1424106;The First Big Weekend / Gilded
e.snmc.io/i/150/w/4d40ccfddf657510be92c392659fe595/1416978;Windowlicker
e.snmc.io/i/150/w/94dcda698f0973665e45038029a99889/7330378;Mr. Tambourine Man / I Knew I'd Want You
e.snmc.io/i/150/w/4c69122493c31849324f640addce39ad/3315556;Rockin' in the Free World
e.snmc.io/i/150/w/97cf9a9c209504d7564aedecba4becba/7605307;Closer
e.snmc.io/i/150/w/ec57b8e93a2599221134b04d342ad3b6/2508414;Dog Days Are Over / You've Got the Love
e.snmc.io/i/150/w/e66c17c5675d6eaf96608ffa90b589f1/1398179;Follow Me / Tatoo'd Lady
e.snmc.io/i/150/w/4894b23879c2c39f196d54d0ef3fd608/2888486;The Lovecats / Speak My Language / Mr. Pink Eyes
e.snmc.io/i/150/w/c440c7c16ba1098140eeac1a681bef25/2627469;Merriweather Post Pavilion
e.snmc.io/i/150/w/7b7756405f411f7e991ec03d3123c2a5/1964328;Heretics
e.snmc.io/i/150/w/e4ab5dc86bf027fc48d174d508752c16/8209615;Magnolia
e.snmc.io/i/150/w/8b3234aec0485bd03e6c0cf6196df4c6/3739206;Home
e.snmc.io/i/150/w/0f8b66760130d8a216cd77fd7f4e61f3/1459640;Breathe
e.snmc.io/i/150/w/637209c4424c47890ced019b7c243afb/8018921;Last Nite [CD2]
e.snmc.io/i/150/w/6f3d47909462052c555ee77183cf84db/3717664;Phatt Bass
e.snmc.io/i/150/w/6cd74672ec9d8353f58f1b896a1d8691/2667085;Summertime Clothes
e.snmc.io/i/150/w/9a5d3f168c5603d82d9679ad4a09919f/8000431;Fire Water Burn
e.snmc.io/i/150/w/f6cef198a1ba6ec5ae16e538436d5fc3/3676211;Hound Dog / Don't Be Cruel
e.snmc.io/i/150/w/63b9093e79380e4c9023f7b516f5f206/6812985;Man of the World / Somebody's Gonna Get Their Head Kicked in Tonite
e.snmc.io/i/150/w/0bbdf082c6c120d3f30b0ecf62b51b5a/2762293;That Old Pair of Jeans
e.snmc.io/i/150/w/fd2a8ee365af229c7179e612b8b62bd0/1364517;Aerodynamic
e.snmc.io/i/150/w/cba66d3f03195dd214691c1d91dbb645/2539479;Lust for Life / Morning Light
e.snmc.io/i/150/w/433df7d59f9dcd06e256f1534e168b10/1293777;Can't Stand Me Now [CD1]
e.snmc.io/i/150/w/4486a05d5c5e8ceea44541d2dd412429/2646653;How Can You Mend a Broken Heart / Let's Stay Together
e.snmc.io/i/150/w/becc47f22f02f7e886df3ad890ca0758/4344752;Club Foot
e.snmc.io/i/150/w/961c05d8a2f972ce475de96250cfffe2/1484036;It's a Beautiful Thing
e.snmc.io/i/150/w/bb1977bd8a4ea897938b0ede4c23b7f2/1652946;Under the Milky Way / Warm Spell / Musk
e.snmc.io/i/150/w/0528279d9e878a741db8ecb915b8f08a/5482308;Hey Joe / Stone Free
e.snmc.io/i/150/w/3c0d858b46835348790e0c8af12eed26/2523136;Kids
e.snmc.io/i/150/w/1c8195fcdeb6007ab6965c1adcb411c2/2110174;The Way We Get By
e.snmc.io/i/150/w/e1b56593b049e91d4b89886d015833c7/1734841;Sheila
e.snmc.io/i/150/w/11489c33aea9999e147505d55c0f0bca/1270378;In da Club
e.snmc.io/i/150/w/a7b28aadcf90c945019e3fb9697eaa7b/5505015;Down by the Water
e.snmc.io/i/150/w/73bfd5ff35dae5d4083903a017fcb626/2304503;The Life Aquatic With Steve Zissou
e.snmc.io/i/150/w/3c610d0fc00f1670b67c777c9d3092d7/1424598;The Hour of Bewilderbeast
e.snmc.io/i/150/w/484de0c58d423d7b60f651ca5f093bce/1262408;Heyday
e.snmc.io/i/150/w/5cb0578b961f40d8e8e36f9e214050b0/2128881;All Apologies
e.snmc.io/i/150/w/f024c85952597aeb026ebcac722423a1/1363154;Motorcycle Emptiness
e.snmc.io/i/150/w/ccb1f45f76c455e3e9847a55043d88bc/3173856;Don't Dream It's Over / Don't Dream It's Over
e.snmc.io/i/150/w/e2ef5a6f3f4bb83ea34fa0be021b73b1/2801927;Harder, Better, Faster, Stronger
e.snmc.io/i/150/w/49d9303a494960275198ae6914ba7dc4/5191061;Either / Or
e.snmc.io/i/150/w/a844b9dc81c5676826553364fe6c9842/3612056;Conversation 16
e.snmc.io/i/150/w/bef046fc9e431a0f57d2b8ae68bc755a/4128423;Glory Box
e.snmc.io/i/150/w/613edad675a9ef14f8e0665c0d612a00/1620428;Just Like Honey / Head / Cracked
e.snmc.io/i/150/w/e897fe5d3c1cf96fc6113bd59e3f57ab/2424260;Inní mér syngur vitleysingur
e.snmc.io/i/150/w/4a761534aaaa05bd61357babd600956e/2072632;I'm Not There
e.snmc.io/i/150/w/d9f450975eead9285cdb4ab5c0ae5daa/1473017;I Bet You Look Good on the Dancefloor
e.snmc.io/i/150/w/2175075091647e3b7a1e60a180d978c1/1381148;Heartbeat
e.snmc.io/i/150/w/21136d0be0276eea09c53fea91486144/1325163;Parklife
e.snmc.io/i/150/w/7ca4aaca79724babe0c4d31c98d44fb4/1727050;Wish You Were Here
e.snmc.io/i/150/w/8fd4521ed71820c9bf219c7176112f1f/2905805;Summer of '69 / The Best Was Yet to Come
e.snmc.io/i/150/w/f97c9eae55d0ceaa6d3a7f6f560aa3af/2407573;Homecoming
e.snmc.io/i/150/w/31cf4c6f4316cf9a1424712c12407b72/1897898;Requiem for a Dream
e.snmc.io/i/150/w/07c3bd3f3177246927e1c36c3404c180/1730346;We're From Barcelona
e.snmc.io/i/150/w/346cd6edfbe2a6f291a873a77a7a757c/1430050;Blue Orchid
e.snmc.io/i/150/w/22638b5f77f36a74842f49fbd22d80d1/1348027;Harold and Maude
e.snmc.io/i/150/w/404aa44473b649bffdb9455482627bbe/8879684;Kid A
e.snmc.io/i/150/w/abf19474368a3586781d3fed29240354/3004229;Israelites
e.snmc.io/i/150/w/45fec0eb0e13934ecb3158d295c07ca0/3166479;That's Amore / You're the Right One
e.snmc.io/i/150/w/29f5395acd331ad24ea47ed1b398bb64/8052087;The Rat
e.snmc.io/i/150/w/b23de0f8032e20cde52ea981b60bb4b4/1771881;We Are Your Friends
e.snmc.io/i/150/w/7b53d0b0177c2f35678a9f42c58b73c5/1235872;Hard to Explain / New York City Cops
e.snmc.io/i/150/w/cf2b1144043e4b1d8910d189c6dc7500/7106998;Cherry Tree
e.snmc.io/i/150/w/ab29a8ca79173baf819d26da248420ad/3342055;Ignition Remix
e.snmc.io/i/150/w/5d48f3a77218f186bcb05c3546da3b21/2551482;I Wanna Be Adored / Going Down / Simone
e.snmc.io/i/150/w/a1ae91e1b83a00e0199fff29bee94cb2/1372795;Unfinished Sympathy
e.snmc.io/i/150/w/2dea10d654e13ae3b6ede3b3de6aa282/1643748;Bette Davis Eyes / Miss You Tonite
e.snmc.io/i/150/w/df8f774e37cb172514442a6745b388b3/1366876;Laid
e.snmc.io/i/150/w/9f5fba1d96313096089f7cf4adfe5ab4/2314459;I'd Do Anything for Love (But I Won't Do That)
e.snmc.io/i/150/w/3263cde9e284a0a70bcf39618ab10043/2149129;The Moldy Peaches
e.snmc.io/i/150/w/1112ec7487ffd2a4bc872fe6d748797d/2149098;Lady (Hear Me Tonight)
e.snmc.io/i/150/w/9b4af8f32714febd3d72a454cf90d314/2801604;Sweet Jane / Rock and Roll
e.snmc.io/i/150/w/dc29d6b8fbeb2ab770b9ae1668e813ae/4276017;Time of the Season / Friends of Mine
e.snmc.io/i/150/w/2cd487106dde29ced6a836e218933192/1277710;Up the Junction / It's So Dirty
e.snmc.io/i/150/w/d51c641deef385e5b120ec5dba45fb94/2392173;Night Falls Over Kortedala
e.snmc.io/i/150/w/d8126a6d72487f39308c8ffe2c15c456/1738162;The Departed
e.snmc.io/i/150/w/13285cc3be789a134339b3181b85715d/3406441;On Melancholy Hill
e.snmc.io/i/150/w/0d80f0e5a6717450700c11ee0e312a34/2844346;While You Wait for the Others
e.snmc.io/i/150/w/573cc7c7fbffd211d10ea4437193977d/2210282;Ordinary World
e.snmc.io/i/150/w/e08b7b841f91f01bc2ecf45116730732/2584799;Reconnect
e.snmc.io/i/150/w/1389547ee7711c58f338673574e79ab6/1640953;I Wanna Be Your Dog [Mono] / I Wanna Be Your Dog [Stereo]
e.snmc.io/i/150/w/2bc8bbd5b93576b3ebce9157504f7a9b/2631516;Stillness Is the Move / Wave the Bloody Shirt / Bitte Bitte Orca
e.snmc.io/i/150/w/0283970effe75c48dea885cc1e28177d/2497491;Pressure Drop
e.snmc.io/i/150/w/5d4a15ea4c2f6df9e98ba4ce79adfe36/2964663;The High Road / An Easy Life
e.snmc.io/i/150/w/7038bd4be896bb7a0bfa0b092d4bcd07/4252543;Three Lions
e.snmc.io/i/150/w/e139f0ca20ba4d5be28675c7ecd765e6/2710379;Dashboard
e.snmc.io/i/150/w/1980335465b574188d9a425d53782f53/1630773;Somebody to Love
e.snmc.io/i/150/w/113c4734645a1cd7c1e5286459d1e6e0/2117513;California Stars
e.snmc.io/i/150/w/491de6b748056c08f9b15a190bd2db02/2505064;Back in Black
e.snmc.io/i/150/w/4b013680630230a0ffd49e24be9f5ef8/3307008;Don't You Want Me / Seconds
e.snmc.io/i/150/w/38c5567153f34761e502b22e7f8c4587/1650436;I'm Waiting for the Man / Heroin
e.snmc.io/i/150/w/ac836e91b37f7dfb6bdf4bc806323916/1344073;Peace Train / Where Do the Children Play
e.snmc.io/i/150/w/a863a3c3d4635a35ebb5bda43045bd22/1688482;Breathless / There She Goes, My Beautiful World
e.snmc.io/i/150/w/edada456dc4bb5e152a168224c069745/1302837;You Can Call Me Al / Gumboots
e.snmc.io/i/150/w/8f2ccc2a109b8623da86a158f60f40b6/1454052;Fuck Forever
e.snmc.io/i/150/w/b88674298fe56e832053ca3b8b30e2fe/4350970;Two Little Boys / I Love My Love
e.snmc.io/i/150/w/e6be43ffd258747d94bcfeefef97112d/1833587;Atlantis
e.snmc.io/i/150/w/8850dbb3cf0439fe1a3883cf8d918a9b/2371495;I'm Gonna Be (500 Miles) / Better Days / Teardrops
e.snmc.io/i/150/w/9e5207c92490952c829f743c07ecd1fe/4066511;VCR
e.snmc.io/i/150/w/a7319976c21b6491ba24de339043e160/1592267;Cosmic Dancer
e.snmc.io/i/150/w/c22724a744600cba14f9d41218bb0b91/2076728;Let It Be
e.snmc.io/i/150/w/b7971d35d8ded04d7b23d9bdb8854cc5/2771779;Galvanize
e.snmc.io/i/150/w/01ad5646810fb5eab28e3c5bdb3d0c52/3362171;The Whole of the Moon / Medicine Jack
e.snmc.io/i/150/w/05962de3e51edbd3695af569517ae46f/3152651;Livin' Thing
e.snmc.io/i/150/w/49d9303a494960275198ae6914ba7dc4/5191061;Either / Or
e.snmc.io/i/150/w/4bb580883f79f5e6d59199ba522639ea/3284916;Little Green Bag / Pretty Little Dreamer
e.snmc.io/i/150/w/68f7940cee4b01dec29a4dcea2b9b73c/3820743;The National Anthem
e.snmc.io/i/150/w/ab82506eac881f0b5c69ebdcda64429c/1247400;Hate to Say I Told You So / Die, All Right!
e.snmc.io/i/150/w/b3e91dde1a60a1a4ee657cf94ef1449f/1708204;Careless Whisper
e.snmc.io/i/150/w/98e944dfded990385938043ef80e567c/2349731;Stan
e.snmc.io/i/150/w/dd9af626d8d27678e0b44ae784c92947/3280501;The Blitzkrieg Bop!! / Havana Affair
e.snmc.io/i/150/w/eb02135beaef8eb542a5be72fc054aa2/4304739;Teenage Riot / Silver Rocket / Kissability
e.snmc.io/i/150/w/baedf7abad6d3cb6808dd5cc31caab92/3621665;Samson
e.snmc.io/i/150/w/fe0272df5dae98b117c12dfb37db7a1f/1591520;Power, Corruption &amp; Lies
e.snmc.io/i/150/w/97c17b306817f136a7f4d72d01cc1c24/8717874;Dreaming of You
e.snmc.io/i/150/w/9c93ca0a0625ed3aec042b7b1fce5250/5980494;Blue Money / Sweet Thing
e.snmc.io/i/150/w/803c7ad23b9018be6a70ac257ae91d32/3230872;Step On
e.snmc.io/i/150/w/7dd8816d479d9124b3c56a93ddf2d5f1/2511498;Happy Xmas (War Is Over)
e.snmc.io/i/150/w/7efd362a882ab9be84b2eb7cfe754308/3331075;Rise
e.snmc.io/i/150/w/056617a44196ba646f4f07ef574b9767/1542520;Roxanne / Peanuts
e.snmc.io/i/150/w/e96f9fbf535011c78b9ded0564f97113/1479926;Inside
e.snmc.io/i/150/w/af0cf19fc888532cdae48753296d9bbb/3024200;Strawberry Jam
e.snmc.io/i/150/w/16facc9752d58cba0c235bb838393632/2060722;Back to Black
e.snmc.io/i/150/w/6d57e06de88e0dd652cbb9b949480073/2219766;ABBA
e.snmc.io/i/150/w/1c8195fcdeb6007ab6965c1adcb411c2/2110174;The Way We Get By
e.snmc.io/i/150/w/5573d0a7564c02502f5d27db3a888c26/3931514;All Out of Love / Lost in Love
e.snmc.io/i/150/w/a1b6aed3a1f64db824166d3da95f90c9/2705270;Tangled Up in Blue
e.snmc.io/i/150/w/0b16b094c7b084475104ae441b8e7a26/2723588;American IV: The Man Comes Around
e.snmc.io/i/150/w/4ef13733fddde2af489fa2214764ccf1/3669053;Running On Empty / Nothing But Time
e.snmc.io/i/150/w/8a33a38fd45a28e81974b7a82ee12905/1680232;Santa Cruz
e.snmc.io/i/150/w/0340e4725ce4bf64b0aeb8934143f3d3/3033090;Round and Round / Mistaken Wedding
e.snmc.io/i/150/w/297d5ef0871461eaa95146260860914a/1481066;Smooth Criminal
e.snmc.io/i/150/w/bca9c69940282a24dac22b510fe1cd2a/4461974;Sweet Home Alabama / Workin' for MCA
e.snmc.io/i/150/w/5372dc5f8f895188aa9b7b241c51e949/5531833;Lost Cause
e.snmc.io/i/150/w/ddaf9a55394a14f943af8fbf3b3987aa/3672179;In the Air Tonight / The Roof Is Leaking
e.snmc.io/i/150/w/bafb0beb1fec601a35a8bc852dec2060/2727936;Band on the Run
e.snmc.io/i/150/w/204e858dd5518d534466e04bf662b2e5/1853246;Forever Young
e.snmc.io/i/150/w/b0400b2b0dac1e3e761a5904e4f72d9d/3698497;I Ran / Pick Me Up
e.snmc.io/i/150/w/54fc149d4df14ac5e59a29ce60524e90/2039356;Someone Great
e.snmc.io/i/150/w/db423c6c399465291590c025c396b9b7/2447592;Room on Fire
e.snmc.io/i/150/w/9c4ad02ad9e28566f5ef925ff4adcc93/3220168;Come as You Are
e.snmc.io/i/150/w/cc1009a7959cd202f4fda4ea2f25ab9b/6786216;Fast Car / For You
e.snmc.io/i/150/w/8657cde38340507cb64b7eed1041db06/5108937;I'm a Cuckoo
e.snmc.io/i/150/w/ee1f4521722e2cf40a931ba11ddf53f9/6236106;Sexy Boy
e.snmc.io/i/150/w/469ab34a40fc88132d74cf0944e8b91c/2671671;Hey Ya!
e.snmc.io/i/150/w/79f099ab0cc064b13250c9f20949c895/1448862;Glósóli
e.snmc.io/i/150/w/89a19cc43f1593e423dafc5ea093954d/1248572;Holland, 1945 / Engine
e.snmc.io/i/150/w/1e8c9519760090cdc66cb156c664053f/2422210;Everywhere
e.snmc.io/i/150/w/195b74f7649aff11d49f02d721ffaf2f/1240912;1979
e.snmc.io/i/150/w/94f03800900177e2d6991056639ffa5f/2596161;Teenage Kicks
e.snmc.io/i/150/w/55ad8c0b79f3522436b46169b91e38c2/6917350;I'm Shipping Up to Boston
e.snmc.io/i/150/w/0762cf75286cd37c00037868e35c8a68/1564711;Linger
e.snmc.io/i/150/w/c790eeaee93e3dd1164b873fc5615570/3780198;If I Should Fall from Grace With God / Dirty Old Town / Sally Maclennane / A Pair of Brown Eyes
e.snmc.io/i/150/w/f5176c71787f7cf4b96ffcc3ee0fd834/1399739;Loser
e.snmc.io/i/150/w/24138bf96309a3c99ef88a344322a07c/2994000;Come Together
e.snmc.io/i/150/w/d9dd09f105caa2d2e9d8fa8f67632f8a/1343534;For Real (There's Nothing Quite Like the Blinding Light)
e.snmc.io/i/150/w/e63d6bf74e2ea8af379bee9e7cace860/3362010;Terrible Love / You Were a Kindness
e.snmc.io/i/150/w/dd888760fda74e5066095738fa3d42a9/3813707;Old Man
e.snmc.io/i/150/w/019adbc1a86d74e3ea98af9a7eae95a7/2584690;1901
e.snmc.io/i/150/w/afdbf13c1660d8fa2a22ec40a8d4d831/1887579;Everybody Hurts
e.snmc.io/i/150/w/59736f414247fe71ec96ef239df1200d/1336322;Happy Together / Like the Seasons
e.snmc.io/i/150/w/0afb5f40207e5d2816dee77286cdb866/1306446;Aha Shake Heartbreak
e.snmc.io/i/150/w/8c50356b98bce85316c138da4b0a97e0/1286071;F.E.A.R.
e.snmc.io/i/150/w/7b32dd521fc588ac00b18c6cfaf613ce/1242890;Crazy in Love
e.snmc.io/i/150/w/c11f122fe46bc83fbfeaf4d2033ac7bb/3940819;All Right Now / Mouthful of Grass
e.snmc.io/i/150/w/2404ee75558602a0667554563e21c0d0/1364436;Father and Son / Moon Shadow
e.snmc.io/i/150/w/82e9be37fbc10c01826966ac9864bac5/1579697;I'm Not in Love / The Film of My Love
e.snmc.io/i/150/w/7797ede6db16ae9c26b95ac24f16c80a/4006436;Echoes of Silence
e.snmc.io/i/150/w/eac1d59062db47ed2d7e77803f5db012/2417397;Our House / Deja Vu
e.snmc.io/i/150/w/1be4fa5088b510db0acb6a3478f2d8fd/3587986;Something
e.snmc.io/i/150/w/9904852b85b32c8d62312d0a843c4b28/5005629;No Rain
e.snmc.io/i/150/w/628797d657804102e54b944b130066b0/2283553;L.E.S. Artistes / Your Voice
e.snmc.io/i/150/w/b8528f9e6680628850928ab6259c25aa/3779760;Build Me Up Buttercup / New Direction
e.snmc.io/i/150/w/172119be6bb03dbcdecd384063acaa97/1289924;99 Problems / Dirt Off Your Shoulder
e.snmc.io/i/150/w/7256a7b3241887e8c5b4866bbc2839ca/6940606;I Am the Resurrection
e.snmc.io/i/150/w/be16f2beb261b267cf4354b3474cc4c6/1255172;Crystal
e.snmc.io/i/150/w/dd81fd533c0261c70481330ac3572446/3570510;Be My Baby
e.snmc.io/i/150/w/9fbde7fafcb5eeb0a2cf6e5d7e88dae3/1571984;99 Red Ballons / 99 Luftballons
e.snmc.io/i/150/w/6d257b8f3b706ceac1c4093bbb9230f9/2585001;A Rainy Night in Soho / Planxty Noel Hill
e.snmc.io/i/150/w/cc22252f3dd7726f42865951abc8f195/2256149;Miles Benjamin Anthony Robinson
e.snmc.io/i/150/w/2de2ad0b4e0c87a7d3fecc5e640aed30/1967066;Stronger
e.snmc.io/i/150/w/8ec43982488f37bb250c1459b5a29bf7/3093346;Spanish Sahara
e.snmc.io/i/150/w/380e78b76372ed6fd3f7640f53366f3e/1373226;Going Out of My Head
e.snmc.io/i/150/w/dbafae1d8aece3228768c9c680b46058/2727767;Death / Nothing to Give (M83 Remix)
e.snmc.io/i/150/w/f692e3036eed2acc72feb6c113c353a5/2117133;Hotel Yorba
e.snmc.io/i/150/w/2c6781a9707ac62d2cc83b4bf2b51ec1/1708094;Trains to Brazil 
e.snmc.io/i/150/w/2d9a64a36a43d80c4abc8b019ac5ec3d/3053861;Bloodbuzz Ohio
e.snmc.io/i/150/w/9c736d6e4e307722765ca48792faed0f/5812076;The Irish Rover / The Rare Ould Mountain Dew
e.snmc.io/i/150/w/67f67c1a3950d959a851e20a40511a81/1952009;Born in the U.S.A.
e.snmc.io/i/150/w/df5ccfcd793c1a7ad946e3ea97d7f630/5772923;Let Forever Be
e.snmc.io/i/150/w/56303c89be89a4abd1444795694d9388/2075011;My Way
e.snmc.io/i/150/w/1c808d271cc85ff4751b396b925bc291/1263697;Dreams
e.snmc.io/i/150/w/142a55a81ac81b62e3082271f56086fd/2275027;You Really Got Me
e.snmc.io/i/150/w/f0ca534ab3ec00196c1aa5b75542e096/3617744;Civilization
e.snmc.io/i/150/w/0d1a744cdc1fe9a7b39719e5019444c4/4775986;(Your Love Keeps Lifting Me) Higher and Higher / I'm the One to Do It
e.snmc.io/i/150/w/893c60d4c392713a6e03e6584d4dae83/6429983;Ghost Town (Extended Version) / Why? (Extended Version) / Friday Night, Saturday Morning
e.snmc.io/i/150/w/0896ddfff38ee753ea43bdfda916bd72/3053252;Oh! Darling / Here Comes the Sun
e.snmc.io/i/150/w/57dc349b98fd2bcd9fe37dd488acc426/4344706;Youth &amp; Young Manhood
e.snmc.io/i/150/w/9ef26d6b92987611ed378e9aaa73c786/1369523;Woke Up This Morning
e.snmc.io/i/150/w/7d34b7e83eb8029c9ba93841907f6dc3/5189449;The Sidewinder Sleeps Tonite: Collectors Edition, CD 1
e.snmc.io/i/150/w/786789f8c089f691ea753678b8f99434/2698402;Endtroducing.....
e.snmc.io/i/150/w/d7031710dce5b263cd6770fd9015a198/1459314;Misirlou
e.snmc.io/i/150/w/27d74e5cfe43a38d2188ca5a2b97f1bd/3861631;Drift Away / City Stars
e.snmc.io/i/150/w/41412fb01ff0167cdfc93fd81a16aaf9/1250263;(What's the Story) Morning Glory?
e.snmc.io/i/150/w/a8fbc114b2bed01ceeab931bb1402af6/1841857;Idioteque
e.snmc.io/i/150/w/bf64f40469c1b6a28af7acd48c02cffb/4296227;Jumpin' Jack Flash / Child of the Moon
e.snmc.io/i/150/w/39df00a04af0bde7b696621523043360/3354186;Angela Surf City / Good Day Carry On
e.snmc.io/i/150/w/65ab5af549d1b00a7cdb71af75695d8e/1649181;Such Great Heights
e.snmc.io/i/150/w/00b1be6a497b1dd8678534479fb524b3/1383198;Go
e.snmc.io/i/150/w/210dc7ee628c9e2a6793962c3fcdb16e/8694156;Island in the Sun
e.snmc.io/i/150/w/ef23f70dbb876e8c9f50cc67c61715f6/2550235;Get Rhythm / Folsom Prison Blues
e.snmc.io/i/150/w/15f09a7904f29a2e6be459ee8954bb06/1603667;You Can't Hurry Love / Put Yourself in My Place
e.snmc.io/i/150/w/6b5aa2c3d39ade684efa6e52a9b8d1b1/1279427;Block Rockin' Beats
e.snmc.io/i/150/w/17293f295e2dff0809c5f725cfddde02/1746028;Two Tribes / One February Friday
e.snmc.io/i/150/w/de0497738e6104a5ae15e5f2bfd53ca2/2284793;Werewolves of London / Roland the Headless Thompson Gunner
e.snmc.io/i/150/w/430089cb2fb68f517f0aa2ff67eadf8f/2776700;Nuthin' but a 'G' Thang
e.snmc.io/i/150/w/79d56a1c23b71807efd491f1c83c9c76/5959510;Redemption Song / Redemption Song (Band Version)
e.snmc.io/i/150/w/259c1d4d59fbee7ea370a4e986a21b1d/1290804;The Great Beyond
e.snmc.io/i/150/w/6f1358d6f0d0218ec659938035317b3a/6868657;Ballad of a Thin Man / Just Like Tom Thumb's Blues
e.snmc.io/i/150/w/f7087c2ff5a313191f6713804dff2260/1212471;The River
e.snmc.io/i/150/w/d7408fc104eb6475bee4c0a71f181bd6/2728129;No One Knows
e.snmc.io/i/150/w/695de315431e036e20e0ba1be013ab32/8921125;Heart of Glass
e.snmc.io/i/150/w/b2fef2277485300c5a23af11d70445ff/1855150;London Calling / Armagideon Time
e.snmc.io/i/150/w/c55036a1ceb340786228baa3ca0c031e/1365375;Digital Love
e.snmc.io/i/150/w/1fd75c987617adfaa560a34d714cb901/3612133;Losing My Edge / Beat Connection
e.snmc.io/i/150/w/a04398e2b819e0f93d9c81379fef41f9/3894846;212
e.snmc.io/i/150/w/ec8eb9b36ed7be41ed907e5fe15e2e18/2752629;Little Lion Man / To Darkness
e.snmc.io/i/150/w/6cd20f5c03c9628d8b566dce0423be30/1367543;Street Fighting Man / No Expectations
e.snmc.io/i/150/w/568251d30fe687fea9474e04340b530c/1256707;Say It Ain't So
upload.wikimedia.org/wikipedia/en/thumb/4/4f/NPCHALLENGERS.jpg/220px-NPCHALLENGERS.jpg;Myriad Harbour / Fugue States
e.snmc.io/i/150/w/c65a096d22a4b2c9230a3c7462043af5/3470659;Horse Outside
e.snmc.io/i/150/w/c79902331ba785f9e5b94a9eded9bf64/5528066;Here Comes Your Man 
e.snmc.io/i/150/w/4aac4fe3506a3c46e1baaba20952f400/1268167;Disarm
e.snmc.io/i/150/w/ed8fc0d9ff2e71278255cc3c62131727/3846453;Norgaard / Primal Urges
e.snmc.io/i/150/w/85c59de348f9fb5912d9ecaa484da7af/1819483;Where the Streets Have No Name / Race Against Time / Silver and Gold / Sweetest Thing
e.snmc.io/i/150/w/d008326585364756e565050c92761956/3244623;The Night They Drove Old Dixie Down / When Time Is Stolen
e.snmc.io/i/150/w/5ea84b03be8021713fc40bc244408429/1648175;Layla / I Looked Away
e.snmc.io/i/150/w/09444a2b965246d93a720cb100cd7314/4185884;Slow Hands
e.snmc.io/i/150/w/c13e104dd92ce803e57ccdee2991d376/1208902;Hotel California
e.snmc.io/i/150/w/12f7925bd20510d0c6502bcfda91dd43/2707975;Down on the Corner / Fortunate Son
e.snmc.io/i/150/w/910838260b8afdeac9a83cd8b911a0cf/6478858;This Desert Life
e.snmc.io/i/150/w/eac000ffc14c4a2d3bcaa10375a06d54/1248011;I Want to Hold Your Hand / I Saw Her Standing There
e.snmc.io/i/150/w/6e0770038e7a9390d3721eb1e147fdee/5272278;Boxer
e.snmc.io/i/150/w/a0d9c4a50884663b2dd0774fc70ae397/3754212;Nika+Rory
e.snmc.io/i/150/w/975b00f13bce04ea1fc26a0bfebc6043/1229420;The Boys Are Back in Town
e.snmc.io/i/150/w/9c56654aafeb5ca4e2bb49165333f75b/2741484;Animal
e.snmc.io/i/150/w/0afb5f40207e5d2816dee77286cdb866/1306446;Aha Shake Heartbreak
e.snmc.io/i/150/w/5d846a39958055b6d51df85262c0b392/1359302;Smack My Bitch Up
e.snmc.io/i/150/w/d09a915fd3997282f83c7833bbdcac1b/1565634;Sign 'O' the Times  
e.snmc.io/i/150/w/9307904d2484c5922421157a4eb0f2a8/1748962;On the Rocks
e.snmc.io/i/150/w/404586647095e8092e696b4a78509e86/3234786;Power
e.snmc.io/i/150/w/2a37b50a284302c6b8e14ddab7ab89b3/4456016;Good Fortune
e.snmc.io/i/150/w/468d0b7953b8878aad510c587970bc87/2412298;Hallelujah 
e.snmc.io/i/150/w/e369b718059c92a4b4b371062a5ade59/2305558;You Get What You Give
e.snmc.io/i/150/w/424aa0537261ca9ede2a2771fc5977b2/4082472;Firestarter
e.snmc.io/i/150/w/0ce919b27554bb9a66e225d3e28f2437/2504833;Beautiful Day
e.snmc.io/i/150/w/234ea8df31d5616f943cd9ee6ac30983/4139657;The House That Heaven Built
e.snmc.io/i/150/w/d9cc01b3d76c1d775d1dcce3bbe83c9e/1938501;Teenage Dirtbag
e.snmc.io/i/150/w/172119be6bb03dbcdecd384063acaa97/1289924;99 Problems / Dirt Off Your Shoulder
e.snmc.io/i/150/w/fe80a3b45d90218a9109ee5cb247ced4/2646637;Better Living Through Chemistry
e.snmc.io/i/150/w/a752a6bd40af570f38c47e6534d44bbd/4473878;You're My Best Friend / '39
e.snmc.io/i/150/w/0c0e379591bcf5eb983a4cdbea44aa67/3363815;Brown-Eyed Girl
e.snmc.io/i/150/w/c1f35bfee5f78609a96f32205145cfdc/1426727;Like a Rolling Stone (Part 1) / Like a Rolling Stone (Part 2)
e.snmc.io/i/150/w/ee7fa3d21f237ecc359593ecec9daf81/1746089;Paranoid
e.snmc.io/i/150/w/291943502d2e22fedaff08a8ea129902/3813098;Wild World / Sad Lisa
e.snmc.io/i/150/w/2fe81ea6962af01312bc4ed49fa8294f/1588524;Atomic / Die Young Stay Pretty / Heroes
e.snmc.io/i/150/w/7cab08ff139e9adaaf6c551394f834d5/3795041;Midnight City
e.snmc.io/i/150/w/007c4087d3fb11739e0097264fbaff5b/5249718;I Heard It Through the Grapevine / You're What's Happening (In the World Today) 
e.snmc.io/i/150/w/97357a6e032c3f53644111319a47ec8d/3790591;Bang a Gong (Get It On) / Raw Ramp
e.snmc.io/i/150/w/a23b5a5d825cbd91fa1b1334a5abf653/7584427;Space Oddity / Wild Eyed Boy From Freecloud
e.snmc.io/i/150/w/4a64252ef1169922f9b367ee93ee9514/2460317;No I in Threesome
e.snmc.io/i/150/w/09d4936cfc575b68d2dcea256507ae2b/1246686;Silence
e.snmc.io/i/150/w/1906fe9f4186d14a591e2bdfabf975ab/3382624;Starman / Suffragette City
e.snmc.io/i/150/w/59f6657046a604c6051510c6e38a719e/1229090;The Rockafeller Skank
e.snmc.io/i/150/w/a9eafd42e2969b0be66b9165fd502ee9/3790181;The Sound of Silence
e.snmc.io/i/150/w/95aa165737dc20e355c65fcf89e77246/5418033;Faith / Hand to Mouth
e.snmc.io/i/150/w/69567862be64fc355023914cfb2ec179/3805030;It Must Be Love 
e.snmc.io/i/150/w/16a37fd5f3db81338213c1e6c8e49e39/7258285;Ring of Fire / I'd Still Be There
e.snmc.io/i/150/w/fd004a9551824a2e2dfd09b3442459a8/1526564;Closing Time [CD1]
e.snmc.io/i/150/w/4c173b2ff4f9c82f5487c5f252511644/1739617;Over and Over
e.snmc.io/i/150/w/d0fe1baf564f513bf6553a092ac96f2a/2721990;More Than a Feeling / Smokin'
e.snmc.io/i/150/w/aef4f6ffeb8ff3b2aa0a84d59839159f/1805208;Ziggy Stardust
e.snmc.io/i/150/w/731d01e19220f9d70cf154c9ab0af1ef/1933222;That's Entertainment
e.snmc.io/i/150/w/5f612d8aa17a3b0616ba0a9aa009bb40/2012887;1234
e.snmc.io/i/150/w/d0aa408cac2844b7217674e88fad879d/4920988;The Boy With the Arab Strap
e.snmc.io/i/150/w/3c798deb0081b5b75935a0cfdf3b47d8/8396846;Girl
e.snmc.io/i/150/w/87b2f748a3389b5ebb08f6b89c0fa40a/2180958;Vampire Weekend
e.snmc.io/i/150/w/11d1ca25a8ec193d09ec5e231ebba8a8/5504747;Obstacle 1
e.snmc.io/i/150/w/be80561567db1d7f3a653c33ac0d50c5/2318411;Tessellate
e.snmc.io/i/150/w/e967161918d4c600fcf346a4a97e169b/1374442;Jump Around
e.snmc.io/i/150/w/eeff0089f891934dc338dd92be36189f/1419293;Frontier Psychiatrist
e.snmc.io/i/150/w/7985e61241b39a1e094f358659d86108/1234597;No Surprises
e.snmc.io/i/150/w/2a3ff21e1a7ecf12ed0ce74d2acec091/1989409;All You Need Is Love / Baby You're a Rich Man
e.snmc.io/i/150/w/e4ab5dc86bf027fc48d174d508752c16/8209615;Magnolia
e.snmc.io/i/150/w/e2eb130cef677b3eb3fbe3c40bc0410d/1891890;Dirty Old Town / A Pistol for Paddy Garcia
e.snmc.io/i/150/w/6aa8668aac29250270815230fee8518c/3403474;Romeo and Juliet
e.snmc.io/i/150/w/c86ab03120a9d86d0b943f28a6baa9ab/1554630;House of the Rising Sun / Bring It on Home to Me [Hits Come Back]
e.snmc.io/i/150/w/c875822992c491ac1efa7ad9240aa3c0/1566854;Bridging the Gap
e.snmc.io/i/150/w/1be3ac788b5e69e0c78a03c44786bf8b/2660824;Two Weeks
upload.wikimedia.org/wikipedia/en/thumb/a/af/Death_Grips_-_The_Money_Store.jpg/220px-Death_Grips_-_The_Money_Store.jpg;The Money Store
e.snmc.io/i/150/w/02e9f874d86a3ae13a02d34aff134f29/2201087;No Cars Go / Surf City (Eastern Bloc)
e.snmc.io/i/150/w/09dada07ffd2897acf53d5774b34ca72/2184879;New Slang / Sphagnum Esplanade
e.snmc.io/i/150/w/d55b9cf03f1b4a4e4ff15894ead6b77d/3674416;Baker Street / City to City
e.snmc.io/i/150/w/4a2b2200a586b1fbd02a2c4bfb9abedc/2281803;The Doors
e.snmc.io/i/150/w/a877c36509d8fc9ec1949812c2a7ec9e/2837851;Fell in Love With a Girl
e.snmc.io/i/150/w/6558f01f4168042a54264b4dba7c9dcc/3604142;Come Sail Away / Put Me On
e.snmc.io/i/150/w/c29bc8242051e23d2c970f2f6397dadd/2086733;Loaded
e.snmc.io/i/150/w/b4e54a1792abd503eb4ac3bb2269683a/6343548;Dark Was the Night
e.snmc.io/i/150/w/7f21ef47e5494ce7fb0f3563015f46b0/1700013;High and Dry
e.snmc.io/i/150/w/61210d0dc7d781f43d298d5add26fd5c/3473957;Pale Blue Eyes / I Can't Stand It
e.snmc.io/i/150/w/0312885cd70727dcf4e9e64b49c8b087/2117645;This Year's Love
e.snmc.io/i/150/w/7b9291352017fbb04dff5d41fa3e50cc/3069841;Bad Moon Rising / Lodi
e.snmc.io/i/150/w/03e6705c16e0f05da08f2733701d61f1/1265269;William, It Was Really Nothing / Please Please Please Let Me Get What I Want
e.snmc.io/i/150/w/461e83d131ac87813f4977ba60cc985b/1354111;Personal Jesus / Dangerous
e.snmc.io/i/150/w/98f4280423454ad141424c0c17493189/3150691;Saturate
e.snmc.io/i/150/w/61b0e57725e1d566b16dc7401c4867ec/3295974;Rocket Man (I Think It's Going to Be a Long Long Time) / Holiday Inn / Goodbye
e.snmc.io/i/150/w/6cbf723bb3f46b9de2651aa25caf5957/7889710;Staring at the Sun
e.snmc.io/i/150/w/0cb81d706785f9d7c3cecbfaf2266797/3522999;Rolling in the Deep (Jamie xx Shuffle)
e.snmc.io/i/150/w/6053ded92cf5287da08b37ceef198db8/2224826;You Oughta Know
e.snmc.io/i/150/w/e66d0df1974bb9f4516cb695771dd4d3/2599704;My Girls
e.snmc.io/i/150/w/db05a2337d81ca3b6d34a0729be38263/1243318;Pure Shores
upload.wikimedia.org/wikipedia/uk/c/c9/Fat_Bottomed_Girls.jpg;Bicycle Race / Fat Bottomed Girls
e.snmc.io/i/150/w/120430141c28ef93ed667a0a42ff8e24/2355482;White Winter Hymnal
e.snmc.io/i/150/w/1178e9983c19a89e8d4fc1a171ea3957/1290201;Mass Destruction
e.snmc.io/i/150/w/e141e9de675b3b2fda5460c7105abbc2/2076973;Clint Eastwood
e.snmc.io/i/150/w/09e285345dcd354252df1457e3521388/8361667;Sæglópur
e.snmc.io/i/150/w/2b8bfada4f788b1451a624c154cd30c4/2801041;Keep It Goin' Louder
e.snmc.io/i/150/w/a588af0457a1ddb30864a965cd003b4d/2393880;Atmosphere
e.snmc.io/i/150/w/17ba85e5f6ecc536875b7edadb99a0f6/2393189;Lithium
e.snmc.io/i/150/w/38f043ad1d65e583189d2fb89f57b817/5600741;Porcelain
e.snmc.io/i/150/w/5e2ffb360c3d44cfe7b4d30bbcf7093a/2391703;Fools Gold
e.snmc.io/i/150/w/b36da2728b53ae4e41ad3285a6aa9d59/2966107;Me and Julio Down by the Schoolyard / Congratulations
e.snmc.io/i/150/w/77fbed99cfe638017f8ab954ebdbf923/6565835;Paranoid Android
e.snmc.io/i/150/w/e9e57f24f0d00af057f608e2aa5997bc/1266221;Poguetry in Motion
e.snmc.io/i/150/w/adb6646e77ccd14fc8d44650cd4da29e/2817285;Your Song / Into the Old Man's Shoes
e.snmc.io/i/150/w/2d45cee5fcb2a40f62b68a652b8cb932/4002443;Son of a Preacher Man / Just a Little Lovin' (Early in the Mornin')
e.snmc.io/i/150/w/d350825dfec10397a1a02f207bd954af/4905674;Tired of Being Alone / Get Back Baby
e.snmc.io/i/150/w/08c49cb66fda0e775a17c166e533010f/8862252;OK Computer
e.snmc.io/i/150/w/b14ccf80c75df42feef9ddd5fbddc987/1489199;Hello Goodbye / I Am the Walrus
e.snmc.io/i/150/w/1ef17cab7f7055ad200ad986c45f0215/3543582;Marquee Moon
e.snmc.io/i/150/w/590db6319f7b7b2a9a59297544d1c9ea/6940431;Music Sounds Better With You
e.snmc.io/i/150/w/822cbd5a118311a53d1e3bfccf1f0358/1825086;Could You Be Loved
e.snmc.io/i/150/w/9c18896ef90bcac7f8926e293d3053e5/1348212;Strawberry Fields Forever / Penny Lane
e.snmc.io/i/150/w/f253f97d7c0e62bcd2e4deeceb0b9f2b/8749037;The Chain / Go Your Own Way
e.snmc.io/i/150/w/1e611c3628d397ad2e303d3205e3e21d/1234587;Street Spirit (Fade Out)
e.snmc.io/i/150/w/817b3492653b4f8ea73b6fd2c4d2ac22/7714264;Video Games
e.snmc.io/i/150/w/62a399ac5a8765d42f6a54a50912b729/1583700;Raised by Wolves
e.snmc.io/i/150/w/5086986154b88794b067def3a4e4bd7d/6845564;Illinois
e.snmc.io/i/150/w/f6e928711b73eaec2432e39bc5cc7bcc/1604348;How Soon Is Now?
e.snmc.io/i/150/w/e0c8d4a32d6002d2f1ad99612031d251/2991159;Lisztomania
e.snmc.io/i/150/w/500b91cb845abd47d541cb12049e841e/3772922;Let's Go Surfing
e.snmc.io/i/150/w/b4aa5ab7a65cfca95b8a027873dbda8a/3048356;Back for Good
e.snmc.io/i/150/w/b6a91215ba1af636698c5bf91d36c7e9/2302888;Disco 2000
e.snmc.io/i/150/w/92f1499b5af80c13dc907cb8083e8359/4156571;Californication
e.snmc.io/i/150/w/584cc914d726e3a5fbab0d9ab6e68899/7037712;Runaway
e.snmc.io/i/150/w/72ffec1fe824e8e24a99f657fcd79c86/1324995;Lua
e.snmc.io/i/150/w/3ad3b65fdaed7b873594e4ca0e586f62/1952254;I Don't Want to Miss a Thing
e.snmc.io/i/150/w/ad604d52bff13a6f7e8e6af8e279cca6/7205096;Clubbed to Death
e.snmc.io/i/150/w/555648a9df33ca335b30bd2f88f5b11c/7995982;High Violet
e.snmc.io/i/150/w/1f88838624828a0b5d3a9f4a1ba67c46/1260767;Bullet With Butterfly Wings
e.snmc.io/i/150/w/72fe2531b3329fdbfc377450e36204a5/1417288;Still D.R.E.
e.snmc.io/i/150/w/88bb14058ef75fac7ceb010c3e19f527/1299105;Landslide
e.snmc.io/i/150/w/06dea728d261f7c1a6035820928a0e14/1260430;Reptilia
e.snmc.io/i/150/w/37a76f3a9f10993108e3fb35c3f91645/2117257;All My Friends
e.snmc.io/i/150/w/13bafdf47dad44a01492ef9571e72b0f/3466406;Good Vibrations
e.snmc.io/i/150/w/491ce5c4457f29318c2caa2e27f75201/1864429;Atlas
e.snmc.io/i/150/w/983953488af687a079d119bafd46d4e4/3347442;Dreadlock Holiday
e.snmc.io/i/150/w/874659a3ef4a5e6dcb8da734b40144f0/4868156;Since I Left You
e.snmc.io/i/150/w/0e5ca77382c85f3b7f52183f175e11ae/1403449;Hate It or Love It
e.snmc.io/i/150/w/1f8a341f05a644564fe6e839fe0a1449/7259280;Something in the Air
e.snmc.io/i/150/w/5823c9aa88d0001376c0229ca6b0b167/1242884;National Express
e.snmc.io/i/150/w/695e647a7859e7031c065c3022db32e0/1948909;Candle in the Wind / I Feel Like a Bullet (In the Gun of Robert Ford)
e.snmc.io/i/150/w/552837993a96489cf41a9e7237e6ba6c/6269960;Zombie
e.snmc.io/i/150/w/b47aa149d25673376fde0c6cdd502bc3/1392521;Bohemian Like You
e.snmc.io/i/150/w/08bcea111d72c5d5a6983c197a107d84/5466554;Feel Good Inc
e.snmc.io/i/150/w/a66fe4500df598816354a63abd62c303/2246992;A-Punk / Oxford Comma (Rehearsal Version)
e.snmc.io/i/150/w/d080adb9cae6095e6b874c12f12cb645/3670284;Temptation / Hurt
e.snmc.io/i/150/w/742a7bd128eebeaec1e038431e768684/3332087;Ruby Tuesday / Have You Seen Your Mother, Baby, Standing in the Shadow?
e.snmc.io/i/150/w/4bfd4028af2e59ac3f60bd1f402b2127/3892764;Debaser [studio]
e.snmc.io/i/150/w/457bc05b633d2f401c998453f63d87d0/1977651;What's the Frequency Kenneth?
e.snmc.io/i/150/w/2a46d7074d21870bdcadb03d2c15d0a2/1706953;Don't You (Forget About Me) / A Brass Band in Africa Chimes
e.snmc.io/i/150/w/6c9c9995acff91fd832c65693a0205ec/2739427;Sleepyhead / Better Things
e.snmc.io/i/150/w/0d0eb53f89231cc360f71a12be51bf54/2162076;Golden Brown / Love 30
e.snmc.io/i/150/w/5f7802c4de357c9e7ccbc8ee4a08b893/1354683;Dancing in the Moonlight
e.snmc.io/i/150/w/2334fe480006eeb4ad76f16b5f11ad98/1343622;Born to Be Wild / Everybody's Next One
e.snmc.io/i/150/w/6e9e50f4be91e8944ecac4f0102d1ef4/2267153;Blister in the Sun
e.snmc.io/i/150/w/a3d9ece8f8aef9f6257ab0abd8011101/4143563;Maggie May / Reason to Believe
e.snmc.io/i/150/w/56dbb2d4424b48e5b3e43673f34c00df/8638901;The Masterplan
e.snmc.io/i/150/w/2e210a798db220b60f309f593d77aa07/1263207;Nancy Boy
e.snmc.io/i/150/w/2755246065d4e2b468368d30a95799d2/2387208;Daydream Believer / Goin' Down
e.snmc.io/i/150/w/562283c1860050e822326013cb5fd40a/4774922;Jessie's Girl / Carry Me Away
e.snmc.io/i/150/w/e76270bdd516aba589819fe398a14464/1668303;Won't Get Fooled Again / Don't Know Myself
e.snmc.io/i/150/w/c0ae5a4bbfaab0f33fc5657642f89738/3214828;The Collection
e.snmc.io/i/150/w/e7b52a6acc35a93b686bb6ac459e2c3a/3413189;Train in Vain
e.snmc.io/i/150/w/0c355c98e5faca65d54fb7bcfa2d3bc1/2914460;Lust for Life / Success
e.snmc.io/i/150/w/ce2046110232697ebde55f119b608be9/1813670;I Still Haven't Found What I'm Looking For / Spanish Eyes / Deep in the Heart
e.snmc.io/i/150/w/6a0b26065cc0d5d5bc8305c6abbfc8e4/4341919;Paper Bag
e.snmc.io/i/150/w/622ffd62050fee0f8e459a1a96ca295d/1384208;Heroes / Heroes
e.snmc.io/i/150/w/215dd7ae4674cd87ce308aecdbb2cefb/1576130;Times They Are A-Changin' / Honey Just Allow Me One More Chance
e.snmc.io/i/150/w/92ac4c743200d8289a0954240be665a2/5248558;Rubber Soul
e.snmc.io/i/150/w/e0aa4aadce79b4e4995fb6ded876af36/1243616;Where's Your Head At
e.snmc.io/i/150/w/458bdde5297f08bf619f2fb719bf7e3d/1236847;Out of Time / Money Makes Me Crazy
e.snmc.io/i/150/w/f48fc0c35f0e3feba9694d69f181faaa/2355517;The Underdog
e.snmc.io/i/150/w/e2737f262693121cd5413f6901075de3/1736373;A Lady of a Certain Age
e.snmc.io/i/150/w/1c6df359eba342dace853d54cab60ce2/4032031;Rocky Raccoon / Why Don't We Do It in the Road
e.snmc.io/i/150/w/ba3d37a05e2678366622214a69bee64c/3402007;Should I Stay or Should I Go? / First Night Back in London
e.snmc.io/i/150/w/1d06a945826eae2859b7b38d55e9d609/4386533;A Horse With No Name / Everyone I Meet Is From California
e.snmc.io/i/150/w/faf7a743d34b9d326be3cfe5e3b51ce9/2242223;Beetlebum
e.snmc.io/i/150/w/b8013ce0018286c003b3584e2179e86c/3822209;Twist and Shout / Do You Want to Know a Secret
e.snmc.io/i/150/w/d3dba5a981dd212f84328a6142286e35/2154933;Nantes
e.snmc.io/i/150/w/b5aaeff2a978abf93bf43677cbf30ba4/4261974;There She Goes
e.snmc.io/i/150/w/5894059450094d1f6e5c7370b89e0d01/5747487;Profit in Peace
e.snmc.io/i/150/w/1124fa96b25faa0fc8caba28905e65e4/6793276;Tender
e.snmc.io/i/150/w/d2b114f3334bfa05aed3bea5fdbb6e9e/4633425;You Shook Me All Night Long
e.snmc.io/i/150/w/00b6d3851f847b6f5944d3ef56e900d6/6799052;Float On / I've Got It All (Most)
e.snmc.io/i/150/w/784c25fd9b6f6394f4c0f7ad5ac120e4/2607831;The Day We Caught the Train
e.snmc.io/i/150/w/b756f6dd1b9882d7004950b09ad6b928/4423853;Stayin' Alive / If I Can't Have You
e.snmc.io/i/150/w/346196b36ad36dadbc6fc375fe5bdfb8/1326800;All the Small Things
e.snmc.io/i/150/w/db163a2dd4be041feabafd1c65d78934/1507645;Hoppípolla
e.snmc.io/i/150/w/590584407053d9081fc896a7d2f4754e/3988291;Search and Destroy (stereo) / Search and Destroy (mono)
e.snmc.io/i/150/w/ba2fc80e254d91cdf52b6f69ebda6a85/2275305;Piano Man / You're My Home
e.snmc.io/i/150/w/33582b03838dabf30e81fae95c1f5def/1807048;The Three E.P.'s
e.snmc.io/i/150/w/b2fada179b125ced75188c4732db0c54/2867311;Eleanor Rigby / Yellow Submarine
e.snmc.io/i/150/w/15d95727bcb07590c7b4bc0972c55e7c/1509541;Hope There's Someone
e.snmc.io/i/150/w/b1f144fe90bfa29b1b10a848d826c08f/1377178;Champagne Supernova
e.snmc.io/i/150/w/49171a4324024dc8a9d52bd1d475a486/3809079;White Rabbit (Stereo) / White Rabbit (Mono)
e.snmc.io/i/150/w/827973253fdabe4d89eb0222c2e87ce5/7677438;Crazy
e.snmc.io/i/150/w/2d367ffdf08ab6ceebe251618fd22343/1238944;Take Me Out
e.snmc.io/i/150/w/6f40f71a5e9e61e99ce369d0b421cdc2/1381204;Sally MacLennane / Wild Rover
e.snmc.io/i/150/w/2a123ac0ae077b26f32a452e59900061/2403153;Shake / A Change Is Gonna Come
e.snmc.io/i/150/w/ff0bbf67a3e92c8337a6151a1cb0d744/6199881;Wuthering Heights / Kite
e.snmc.io/i/150/w/abab45143bcc704e19ec799159a49c74/3580988;Numb / Encore
e.snmc.io/i/150/w/76315ef08610919343b481e4baf163eb/1226487;The Scientist
e.snmc.io/i/150/w/34a110444e9a842370c7178719487d34/6563384;There Goes the Fear
e.snmc.io/i/150/w/95c50778917e4630302b84fc64131eb0/1978931;Imitation of Life
e.snmc.io/i/150/w/4ed7b153a74264d3fce3e33be1f9acea/4087938;Suspicious Minds / You'll Think of Me
e.snmc.io/i/150/w/5c0e4fb53eaf40b255480cfd700af41e/8701984;Apologies to the Queen Mary
e.snmc.io/i/150/w/54084f47d1a05823489a036325f07d16/4435296;Sunny Afternoon / You Really Got Me
e.snmc.io/i/150/w/2d26ee9e22ff4dd07c07d6b5a7f21dd3/1248627;Teardrop
e.snmc.io/i/150/w/0c2c33b395cc784d0b41c4e905b85799/1384276;Needle in the Hay / Alphabet Town / Some Song
e.snmc.io/i/150/w/a65a7eaa87ff68bc14ff91fb48ad1d20/1914191;You! Me! Dancing! / It Started With a Mixx
e.snmc.io/i/150/w/4b6b20f3ccb74cd643741bf66151e908/1358263;Hounds of Love
e.snmc.io/i/150/w/ae81b652cdfb81131e25475747d261e6/2749894;A Little Respect / Like Zsa Zsa Gabor
e.snmc.io/i/150/w/c92ff598fe672851a8a5ffe3354f1ffe/6193159;With a Little Help From My Friends
e.snmc.io/i/150/w/fe1d2eb40dc443d1bbf7358917097775/5252389;Live Forever
e.snmc.io/i/150/w/0a136a3a9a599b3bc036b20cd2c8c0f2/1706201;Tumbling Dice
e.snmc.io/i/150/w/a6187bbba88399bb6c0b8ec0fd15e4be/1884758;Mr. Brightside
e.snmc.io/i/150/w/7203c938b2356706832609bbedded63e/4296208;Common People
e.snmc.io/i/150/w/4a1800768ed1d7db9034bd07c1e63830/1328447;If You Tolerate This Your Children Will Be Next
e.snmc.io/i/150/w/fb031d585497b65eb21e6aa4f2292631/2116842;The Joker
e.snmc.io/i/150/w/f68e0c30e0ae70853928c39983a6aa3f/3942284;The Tracks of My Tears / A Fork in the Road
e.snmc.io/i/150/w/8a13671b9020f996e79074602a310429/1356685;Jesus Walks
e.snmc.io/i/150/w/87d0168823da74aabea7af9c9c8ae44e/2771787;Empire State of Mind
e.snmc.io/i/150/w/b6f75533d4342312174cc077074e328d/2980128;A Real Hero
e.snmc.io/i/150/w/7791ca36155f8900d7d7909d9054e5dd/2507232;Born to Run / Meeting Across the River
e.snmc.io/i/150/w/7d78c9cff2067782b9daf470e5815a25/2889501;Skinny Love
e.snmc.io/i/150/w/8d53ffe26d48b570e4c12388ca86066e/4142518;(Don't Fear) The Reaper / R U Ready to Rock
e.snmc.io/i/150/w/d75a8ad2114aaee2a39e9968110fb67b/2020715;D.A.N.C.E / B.E.A.T
e.snmc.io/i/150/w/48fe2817d77507185cc587719d956531/3292302;Whole Wide World / Semaphore Signals
e.snmc.io/i/150/w/030a13ede437b85e208474f1c6d270c9/1323838;E-Bow the Letter
e.snmc.io/i/150/w/74adb2c985216d856f2095b9a90e444a/1985226;Mannish Boy
e.snmc.io/i/150/w/f0e7a78e0904a065f83a60ca094dc4f3/1858006;The Man Who Sold the World
e.snmc.io/i/150/w/967f8ad820b672fbbada356687c7a5b1/1686381;Scorpio Rising
e.snmc.io/i/150/w/ee013dfd66cbad5e057a2d955934ea06/2631146;Toccata and Fugue; Air on a G String (Hamburg Symphony Orchestra/Gabor Ötüos/Peter Böhm/Karl Stölzel/Johann Schmitt)
e.snmc.io/i/150/w/4cf0445af18be3daadfb895f99922467/1401867;Stand by Me
e.snmc.io/i/150/w/ccf87218d05f117017a70b373e5de3e0/1350204;Yesterday
e.snmc.io/i/150/w/9dfa351050c68be8995c3e68106f75d0/2262146;Ever Fallen in Love (With Someone You Shouldn't've?) / Just Lust
e.snmc.io/i/150/w/9b42f87f83d76171bbfa3292b7f4fb1f/6645490;Can't Take My Eyes Off You / You Are Where Everything Is
e.snmc.io/i/150/w/84c2f482adb68eaea4068f91fc0c4ee5/2050609;Fireworks
e.snmc.io/i/150/w/a01af6da408e5dab7639b7c2c6be1319/1973704;Rock the Casbah
e.snmc.io/i/150/w/a52d85895184112e6d1f7f265a6144f5/4486232;
e.snmc.io/i/150/w/0ababa074a1b08014065a1eb77d22a4e/3356455;Go Your Own Way / Silver Springs
e.snmc.io/i/150/w/885ba6b9b7c6663e73595710af86c021/4178964;Honky Tonk Women / You Can't Always Get What You Want
e.snmc.io/i/150/w/630c8dcd6e3da3de9342f8f2354524e0/2735529;Mr. Blue Sky / One Summer Dream
e.snmc.io/i/150/w/ec65325b75388d30272ba352ae65f75d/2941249;Da Funk
e.snmc.io/i/150/w/8415759fee32b136c69c4082372b6691/3073464;Jimi Hendrix Story Vol. 6 - Voodoo Child (Slight Return) / All Along the Watchtower
e.snmc.io/i/150/w/13a0a2a807e3d45d8edfd4d52dbf34c9/4509461;Walk on the Wild Side / Vicious
e.snmc.io/i/150/w/72134fb534a66b65a4152d27319d5d9c/2927821;Don't Stop Me Now / In Only Seven Days
e.snmc.io/i/150/w/f261d4f44c69ad31baa3fece02a7a7a7/2433377;Reckoner (Instrument Stems)
e.snmc.io/i/150/w/d177761028adc18bfa8d3ab2740ad1f5/3947435;No Woman, No Cry [live] / So Jah Seh
e.snmc.io/i/150/w/c6086ce015a4f03a5581036391563deb/1280633;Crash Into Me
e.snmc.io/i/150/w/224a31e568705669a1041a21470ff8c1/5503607;Banquet 
e.snmc.io/i/150/w/6e6afdc0ec75c4b9b5ce82836b576be9/1570613;The Bad Touch
e.snmc.io/i/150/w/41c1c4f9747f193db4ec94efc38c11ec/6381691;Yellow
e.snmc.io/i/150/w/85b034bff5c6a3e99d1ffe29f1dc4c29/1281307;The Universal
e.snmc.io/i/150/w/dd3653919d5a70b41aa3eba6e191174c/1778080;What a Wonderful World / Cabaret
e.snmc.io/i/150/w/c1e4ff6999a086dd8cc0db57f7688fcb/6942475;Summer Babe / Mercy Snack / Baptiss Blacktick
e.snmc.io/i/150/w/70686a993e24cce835382c6d70d24129/2497409;Sunday Bloody Sunday / Two Hearts Beat as One / New Year's Day
e.snmc.io/i/150/w/6919b89e00f59d4e70111a6e916f5bc6/1668817;Stuck in the Middle With You / José
e.snmc.io/i/150/w/a9bd4fa1d20f18f3afe2a98fb2b0f787/1418127;Wild Horses
e.snmc.io/i/150/w/ae0a37ac1720b4e85f6b0535f502e84b/3443783;Knockin' on Heaven's Door / A Fool Such As I
e.snmc.io/i/150/w/521944d43facec55855a440529a00797/2642225;When the Sun Goes Down
e.snmc.io/i/150/w/9c4a4c33d72240ce75993c4c216f2cb1/1707412;Us
e.snmc.io/i/150/w/1e5baaaf0b75bce8b23be44c58965596/2720034;Killing in the Name
e.snmc.io/i/150/w/548f6328e50a6068f6170836aeb8c835/3626864;The Killing Moon / Do It Clean
e.snmc.io/i/150/w/dfec3f1b4144fa107d9e4c881b862968/5304316;There Is a Light That Never Goes Out
e.snmc.io/i/150/w/fd9b8413a511ecaab9548f54eb9398fe/2664660;Just Like Heaven / Snow in Summer
e.snmc.io/i/150/w/0022039e5b7f969e7d16011f309f9668/1359287;Hey Boy Hey Girl
e.snmc.io/i/150/w/aa5b4cefcbefd749f3f3f9fffe67a153/3466304;Dream On
e.snmc.io/i/150/w/a85fe68ae23ebec496e49d4c0f197e9c/1307985;The Real Slim Shady
e.snmc.io/i/150/w/0ccdf13fe4981784fa6e8400dbc4b969/1654244;Maps
e.snmc.io/i/150/w/c0d88963e0d9df247ec405b037330173/3050598;Jesus, etc.
e.snmc.io/i/150/w/551bafe3a718966eb23f7ff5290cb5c3/2063114;The Concept
e.snmc.io/i/150/w/f7dc51d1b9e1706795838241f9705a24/7576715;Enjoy the Silence / Memphisto
e.snmc.io/i/150/w/dc7746cce4719e9ae0cfb9942f2727ed/1374928;Take On Me / Love Is Reason
e.snmc.io/i/150/w/9ee18ccb388a1bc9cec4b21b5aa68f82/4109205;Sprawl II (Mountains Beyond Mountains) / Ready to Start
e.snmc.io/i/150/w/9aeab905328286fb9bd8a3161baff661/8758031;Don't Look Back in Anger
e.snmc.io/i/150/w/9470443eb1813afc5d92894e30a8578e/1360549;Kernkraft 400
e.snmc.io/i/150/w/b86953eca25f1fc1302bf82b423bf5e7/5631649;B.O.B
e.snmc.io/i/150/w/555648a9df33ca335b30bd2f88f5b11c/7995982;High Violet
e.snmc.io/i/150/w/727c47e422d35b07cb3dd3e0b06362aa/2780180;Paper Planes
e.snmc.io/i/150/w/42d048bc015fb4e923b0f7d2b9dc61d4/3953982;Louie Louie / Haunted Castle
e.snmc.io/i/150/w/5d048d2e44d9adccb44889063d928842/4746224;I Want You Back / Who's Lovin You
e.snmc.io/i/150/w/30eee330bd189b276fe30c4cd08785c0/2181645;Ready for the Floor
e.snmc.io/i/150/w/7b7c42c2e83aaebfa96607cd7bda7118/2575139;Johnny B. Goode / Around and Around
e.snmc.io/i/150/w/1b8cc5c2a7a39e02efc86a32f2e590f3/2723399;Come On Eileen
e.snmc.io/i/150/w/c8fbab48fa0e2c130e3793b12f5e6397/1706562;Panic
e.snmc.io/i/150/w/21b0ee8d0efa08f6b0b8e8aac942e5be/1592401;Movin' On Up
e.snmc.io/i/150/w/28068d805096b4b546bf4f391d96a861/8117924;Ooh La La
e.snmc.io/i/150/w/cec22a91ef7179b60995e5b9bc41d2d8/3802229;For What It's Worth (Stop, Hey What's That Sound) / Do I Have to Come Right Out and Say It
e.snmc.io/i/150/w/e7553e8a43bdbe505df5b6967ace7f89/2493624;Once in a Lifetime / Naive Melody
e.snmc.io/i/150/w/09b66053a81ff61f67165afb2017f7c7/1359284;Setting Sun
e.snmc.io/i/150/w/9e0b5e41707792d00b10ad4118bfab1b/8384416;The Bucket
e.snmc.io/i/150/w/901572835a8b5ef48add217a0b566869/3798272;How Deep Is Your Love?
e.snmc.io/i/150/w/edf8f0fc37e70cadcd692642cd067eb7/3868037;Niggas in Paris
e.snmc.io/i/150/w/435197fe10fa43e34023b64766358539/2376100;Evil
e.snmc.io/i/150/w/a90169b3dabd7d3e8fa70cb618769927/1231374;Lose Yourself
e.snmc.io/i/150/w/965cbde819f7428801f1623d19962e64/1260759;Tonight, Tonight
e.snmc.io/i/150/w/37b639488fc17222f2165732e1e24371/2988183;Don't Stop Believing / Natural Thing
e.snmc.io/i/150/w/df3cf52a6670c2a5d8f7f3343e1db40b/8020570;Someday
e.snmc.io/i/150/w/193cace4ca32739d74de4e57be9907fc/2025226;Fire and Rain / Anywhere Like Heaven
e.snmc.io/i/150/w/209c795e3eb6c809fea3404d41cb6560/4456359;All Along the Watchtower / Long Hot Summer Night
e.snmc.io/i/150/w/5904fc7181ff66e099f2765535b24fdd/1671015;The Skin of My Yellow Country Teeth
e.snmc.io/i/150/w/1558732f603feb5d062493642279a835/1406554;Neighborhood #1 (Tunnels) / My Buddy
e.snmc.io/i/150/w/150eb1e3b838f7d24a0b813e8ca3a434/4383816;(Sittin' On) The Dock of the Bay / Sweet Lorene
e.snmc.io/i/150/w/0d0d0520e3767b8cb49d96a65345b413/2810577;A Pair of Brown Eyes / Whiskey You're the Devil
e.snmc.io/i/150/w/713105d30b5f266977418bd93b6715e0/2191081;Wonderful World
e.snmc.io/i/150/w/a09eab25875f02959529d248daf1ce66/2134742;Karma Police [CD2]
e.snmc.io/i/150/w/ec36d514a12746cbce2847c41f4bf442/1553110;Sabotage / Get It Together
e.snmc.io/i/150/w/aaf180be6f44783ee864670257cdb84f/2692638;Con su blanca palidez (A Whiter Shade of Pale)
e.snmc.io/i/150/w/1d9b555764a5365a006e11292cc26b7d/1894935;Free Bird
e.snmc.io/i/150/w/96e74f95dbb442f71e9b5dded9d55a26/1714433;Hard to Explain
e.snmc.io/i/150/w/7e40b034f9d59af4ca6fcfc45ce487e1/1936133;Song 2
e.snmc.io/i/150/w/d04b56432414f6e518f2347d5b7fb12a/4844847;One
e.snmc.io/i/150/w/dbaa0a048dbec0006c4905da545630a9/3138559;Pursuit of Happiness (Nightmare)
e.snmc.io/i/150/w/a5dd09632bd787417b7e45a954e5d192/1533031;Insomnia
e.snmc.io/i/150/w/5480ec228dc03ec1acf2764af234a208/6953794;Creep
e.snmc.io/i/150/w/c2b55dd7824b2379dd757ef15a67c7f5/4778418;Diane Young / Step
e.snmc.io/i/150/w/98714250dec6bb8fa88c5dd2f0aee873/4259998;Fake Empire
e.snmc.io/i/150/w/9a28fbe74fd6475799498a5facddbf06/3625983;Hurt / Personal Jesus
e.snmc.io/i/150/w/e52f4905fdadcd998c77b0c81f373217/2875341;7 Nation Army
e.snmc.io/i/150/w/e886d2bc2df7c4dc8fd63b8afe10b167/1307822;Where Is My Mind?
e.snmc.io/i/150/w/b52024830e3e8b3f0a76ff2f6af79c74/2023524;Hospital Beds
upload.wikimedia.org/wikipedia/en/thumb/d/d5/The_Big_Pink_Velvet.jpg/220px-The_Big_Pink_Velvet.jpg;Velvet
e.snmc.io/i/150/w/3abf98ccd001cdb9731c58182fe9dfed/1793256;Intervention
e.snmc.io/i/150/w/214f25637f09682565952e9328fe40ad/3200138;Brimful of Asha / Brimful of Asha (Norman Cook Remix)
e.snmc.io/i/150/w/83cde01f7578f784726a303c79fd5035/1535089;Alligator
e.snmc.io/i/150/w/6fc9cddc38058d9d6a11de74f2414bb8/2424219;Sympathy for the Devil / Prodigal Son
e.snmc.io/i/150/w/0168973e6954f9d216c2831afe973c4f/1575679;Hurricane
e.snmc.io/i/150/w/52d021c1b94ccff5209e21de758c5997/7346711;Whatever People Say I Am, That's What I'm Not
e.snmc.io/i/150/w/61f5cb77222b800542179c13567651a9/2303209;Oxford Comma / Walcott (Insane Mix)
e.snmc.io/i/150/w/1c832c56216147812102dfaee2c8ae18/6565796;Mad World
e.snmc.io/i/150/w/91119724d5dbafacfe4ec68c1f9d9eee/4363010;All the Young Dudes / One of the Boys
e.snmc.io/i/150/w/8d5d83567dbcae47a3f33a23cbc4e346/5494151;Wolf Like Me
e.snmc.io/i/150/w/4b59db07502340d998772b65eac40c95/5489523;Smells Like Teen Spirit
e.snmc.io/i/150/w/7233b6cd3fd416ed5a71f6def913235b/1695412;Paint It, Black / Long Long While
e.snmc.io/i/150/w/d761d20d8e02bfa92cac6658bde12faa/3943593;Dancing Queen / That's Me
e.snmc.io/i/150/w/5cfc8b0fb0bf17f386e1a5274ad0015a/1412112;Baba O'Riley / I Can't Explain
e.snmc.io/i/150/w/ce00d70faa60f9529df9b976c7ea48a1/3133637;Dancing in the Dark / Pink Cadillac
e.snmc.io/i/150/w/d058282a57d1c9183623f16373c0685a/5026476;Stairway to Heaven
e.snmc.io/i/150/w/886f805553e76525a363d5ca3ae28216/3359903;Africa
e.snmc.io/i/150/w/8efa9bedd4a2317839c17e1d5175110c/5440729;Losing My Religion
e.snmc.io/i/150/w/f2f2292a4e6bef49f2f9f6423b30b81e/1370217;Blowin' in the Wind / Corrina, Corrina
e.snmc.io/i/150/w/6642c782c6f4c7cddc66d8cc6988ba89/2498348;With or Without You
e.snmc.io/i/150/w/d23cacfbff1f106e793121c97af90dcd/2596842;Billie Jean / Billie Jean (Instrumental)
e.snmc.io/i/150/w/aa0fe687054d69f84e17beff54036d50/2386399;Under the Bridge
e.snmc.io/i/150/w/f1aee968ca62a826bfc1fa1fbdf05c31/3581726;Under Pressure / Under Pressure
e.snmc.io/i/150/w/8de72694d8d361ab9a3a76255d232478/2876117;Sgt. Pepper's Lonely Hearts Club Band / With a Little Help From My Friends / A Day in the Life
e.snmc.io/i/150/w/42e9e45a43f4cc7a756c2fbfff921290/2666080;Born to Run
e.snmc.io/i/150/w/0fce498986444ec3a019f59834ee1020/3802224;Lola / Mindless Child of Motherhood
e.snmc.io/i/150/w/207e7b6790f4801f1bfdbb225e5ffa42/1348026;Man on the Moon
e.snmc.io/i/150/w/25632dc0a83f321cc6db222a2a2701ac/3294617;(I Can't Get No) Satisfaction / The Spider and the Fly
e.snmc.io/i/150/w/324c57182e58962ac1496fe3b6901bfe/1880545;Bitter Sweet Symphony
e.snmc.io/i/150/w/9344f8e85b773f58a4edec1a791b2dc5/1975840;Transformer
e.snmc.io/i/150/w/52e7a02d0936925321920f685af9b7ed/3332063;Sympathy for the Devil / Gimme Shelter (The Rolling Stones Singles Collection)
e.snmc.io/i/150/w/2ef19ee7175dd2e0831ce68012849255/1934986;Blue Monday / The Beach
e.snmc.io/i/150/w/4b821c7ddf7c7b2eec23641f3af2c4a1/1405169;All These Things That I've Done
e.snmc.io/i/150/w/5b890e6385ab38f0d1e7cc63683a1ca9/4006872;One More Time
e.snmc.io/i/150/w/1fe44e5de014f818fb96dc3f72f3a0ba/1331036;Life on Mars? / The Man Who Sold the World
e.snmc.io/i/150/w/d00e86feca5b9cdded22aa4e53edf9af/1505326;The Weight / I Shall Be Released
e.snmc.io/i/150/w/f938caeceae5c77baeb439ebbff6ef8c/3059121;American Pie / Empty Chairs
e.snmc.io/i/150/w/872c8ebf5fc051bff7271eeed674a9b4/1345587;Fake Plastic Trees
e.snmc.io/i/150/w/0b49c84591214cc0a565f825703be45e/4917780;Wake Up
e.snmc.io/i/150/w/0c6d2c483b1340f5dde1f640a11bc0e0/1331915;Love Will Tear Us Apart / These Days
e.snmc.io/i/150/w/c3f40677fbf3858b5f9a912866a1ce1d/4227127;Imagine
e.snmc.io/i/150/w/3ca18a0c75e52d3162a74949ad93ff0d/1817917;Bohemian Rhapsody / These Are the Days of Our Lives
e.snmc.io/i/150/w/a50ce3d3c88efcbf59208e627ef9ba82/3587978;Hey Jude
e.snmc.io/i/150/w/471d25c863055eb4b3be22d085a7dc63/1249571;Praise You
e.snmc.io/i/150/w/53600af89cc3e76471f722006bba25ed/6327715;Time to Pretend
e.snmc.io/i/150/w/5c0c99dcad7a22873939195222057a7b/4437208;God Only Knows / Wouldn't It Be Nice
e.snmc.io/i/150/w/0036e033d3d67dceae161b2a4d6aa70a/5852773;Time to Say Goodbye (Con te partirò)
e.snmc.io/i/150/w/d99d9210505a71a627fd3d99b1aeb100/5105723;Born Slippy
e.snmc.io/i/150/w/a008a4b9e72e4eec1884f89beb43e22d/2547278;Wonderwall
e.snmc.io/i/150/w/f577b7d421f6656244b59f4abe9fd730/2653874;Right Here, Right Now
e.snmc.io/i/150/w/9ca167a92c91a6fe27c296cb0b456914/4068570;Fairytale of New York
e.snmc.io/i/150/w/2e0dcec0199a45111e60d153b41a188c/4313480;Rebellion (Lies)
e.snmc.io/i/150/w/e1cd02d5b9d03ff338f6506a111b1e22/1256626;Madman Across the Water