name;zero 
*NSYNC; 
112; 
311; 
A Flock Of Seagulls; 
A Light Divided; 
A Perfect Circle; 
AC/DC; 
Accept; 
Ad Infinitum; 
Aerosmith; 
a-ha; 
Airbourne; 
Alanis Morissette; 
Alannah Myles; 
Alestorm; 
Alice Cooper; 
Alice In Chains; 
Alicia Bridges; 
Alicia Keys; 
Alien Weaponry; 
All Saints; 
All That Remains; 
Allen/Olzon; 
Amberian Dawn; 
America; 
Amii Stewart; 
Amon Amarth; 
Anaal Nathrakh; 
Anathema; 
Angel Witch; 
Angra; 
Animals As Leaders; 
Annie Lennox; 
Annihilator; 
Anthony Thistlethwaite; 
Anvil; 
Apocalyptica; 
Arch Enemy; 
Architects; 
Arctic Monkeys; 
Aretha Franklin; 
Arion; 
Armand Van Helden; 
Armored Saint; 
Arndis Halla; 
As Everything Unfolds; 
As I Lay Dying; 
Asking Alexandria; 
Astral Doors; 
At The Gates; 
Audioslave; 
Avatar; 
Avenged Sevenfold; 
Axel Rudi Pell; 
Backstreet Boys; 
Bad Wolves; 
Bastille; 
Battle Beast; 
Batushka; 
Beast In Black; 
Ben E. King; 
Ben Folds Five; 
Ben Lee; 
Berlin; 
Better Than Ezra; 
Between The Buried And Me; 
Beyonc?; 
Beyond The Black; 
Big Audio Dynamite; 
Bill Withers; 
Billy Joel; 
Billy Ocean; 
Billy Thorpe & The Aztecs; 
Biohazard; 
Birds Of Tokyo; 
Black Label Society; 
Black Sabbath; 
Blackbriar; 
Bleed From Within; 
Blind Guardian; 
blink-182; 
Bloc Party; 
Bloodbound; 
Blur; 
Bob Dylan; 
Bodom After Midnight; 
Body Count; 
Bootsy Collins; 
Brandy; 
Bring Me The Horizon; 
British Lion; 
Britney Spears; 
Brothers of Metal; 
Bruce Dickinson; 
Bruce Springsteen; 
Bruno Mars; 
Buckcherry; 
Bullet For My Valentine; 
Burning Witches; 
Butcher Babies; 
C & C Music Factory; 
Caesars; 
Cage The Elephant; 
Cake; 
Candlebox; 
Candlemass; 
Cannibal Corpse; 
Carly Simon; 
Catch Your Breath; 
CeeLo Green; 
Celtic Frost; 
Chaka Khan; 
Cheap Trick; 
Chevelle; 
Chimaira; 
Choirboys; 
Chris Isaak; 
Chris Squire; 
Christina Aguilera; 
Citizen King; 
Clio Cadence; 
Coal Chamber; 
Code Orange; 
Coheed and Cambria; 
Coldplay; 
Coroner; 
Corrosion Of Conformity; 
Corvus Corax; 
Cradle Of Filth; 
Craig David; 
Crash Test Dummies; 
Creedence Clearwater Revisited; 
Crimson Sun; 
Cruachan; 
Cyan Kicks; 
Cyndi Lauper; 
Cynik Scald; 
Cypress Hill; 
Daddy Cool; 
Daft Punk; 
Damageplan; 
Danny Meyer; 
Dark Horse White Horse; 
Dark Sarah; 
Dark Tranquillity; 
Darkthrone; 
Daryl Braithwaite; 
Daryl Hall & John Oates; 
Das Musikkorps Der Bundeswehr; 
Dave Dobbyn; 
Dave Stewart; 
David Bowie; 
David Gray; 
David Lee Roth; 
Death; 
DED; 
Dee Snider; 
Deee-Lite; 
Deep Purple; 
Deftones; 
Deicide; 
Demon Hunter; 
Demons & Wizards; 
Depeche Mode; 
Des Rocs; 
Destiny's Child; 
DevilDriver; 
Devil's Gun; 
Devilskin; 
Devin Townsend; 
Devin Townsend Project; 
DEVO; 
DIAMANTE; 
Diamond Head; 
Diana King; 
Diddy; 
Dido; 
Dio; 
Dire Straits; 
Disturbed; 
DJ Jazzy Jeff & The Fresh Prince; 
Doctor & The Medics; 
Dokken; 
Dolly Parton; 
Dope; 
DOWN; 
Dragon; 
DragonForce; 
Drakum; 
Dream Evil; 
Dream Theater; 
Dress the Dead; 
Duran Duran; 
Dynazty; 
Eagle-Eye Cherry; 
Eagles; 
Earth, Wind & Fire; 
Eclipse; 
Ed Sheeran; 
Edenbridge; 
Edge Of Paradise; 
Edwyn Collins; 
Electric Light Orchestra; 
Eleine; 
Elton John; 
Eluveitie; 
Elvenking; 
Elvis Presley; 
Ember Falls; 
EMF; 
Ensiferum; 
Entombed; 
Enya; 
Epica; 
Equilibrium; 
Eric Clapton; 
Europe; 
Eurythmics; 
Evanescence; 
Evereal; 
Evergrey; 
Exile; 
Exlibris; 
Exodus; 
Eyehategod; 
Fairground Attraction; 
Faith Evans; 
Faith Hill; 
Faith No More; 
Falconer; 
Fatboy Slim; 
Fate DeStroyed; 
Fear Factory; 
Feuerschwanz; 
Fiona Apple; 
Firehouse; 
Firewind; 
Fit For An Autopsy; 
Five Finger Death Punch; 
Fleetwood Mac; 
Foo Fighters; 
Forbidden; 
Foreigner; 
Fourth Circle; 
Fozzy; 
Francois Kevorkian; 
Frankie Valli & The Four Seasons; 
Frozen Crown; 
Fuel; 
Fun Lovin' Criminals; 
Future Palace; 
Gabrielle Aplin; 
Gamma Ray; 
GANGgajang; 
GAUPA; 
George Benson; 
George Martin; 
George Michael; 
Gerry Rafferty; 
Ghost; 
Gino Vannelli; 
Ginuwine; 
Girlschool; 
Gloria Gaynor; 
Gloryhammer; 
Gnarls Barkley; 
Goanna; 
Gojira; 
Goldfinger; 
Good Charlotte; 
Gorillaz; 
Grandmaster Flash; 
Grandmaster Flash & The Furious Five; 
Grandmaster Melle Mel; 
grandson; 
Grave Digger; 
Green Day; 
Guy Sebastian; 
Gyze; 
H.E.A.T; 
HammerFall; 
Harakiri for the Sky; 
Hardcore Superstar; 
Harms Way; 
Hatebreed; 
Heaven Shall Burn; 
Heidevolk; 
Helion Prime; 
Helloween; 
HELLYEAH; 
Herbs; 
Highly Suspect; 
Hollywood Undead; 
Hootie & The Blowfish; 
Hot Chocolate; 
Howard Jones; 
Hulkoff; 
Hum; 
Iced Earth; 
Icon For Hire; 
Ignea; 
Ike & Tina Turner; 
Ill Ni?o; 
Immortal; 
Imperia; 
In Flames; 
In This Moment; 
Incubus; 
Inner Circle; 
INXS; 
Irene Cara; 
Iron Maiden; 
Iron Savior; 
Ivy Crown; 
Jaded Star; 
James Blunt; 
Jamiroquai; 
Jane's Addiction; 
Jason Mraz; 
Jasta; 
JAY-Z; 
Jefferson Starship; 
Jennifer Lopez; 
Jesse Leach; 
Jesus Jones; 
Jet; 
Jimi Hendrix; 
Jimmy Barnes; 
Jimmy Cliff; 
Jinjer; 
Joakim Brod?n; 
Joan Jett & The Blackhearts; 
Joe Cocker; 
John Butler Trio; 
John Farnham; 
John Legend; 
John Lennon; 
John Mayer; 
Jon Anderson; 
Joni Mitchell; 
Journey; 
Joy Division; 
Judas Priest; 
Julian Lennon; 
Justin Timberlake; 
k.d. lang; 
Kaleido; 
KALEO; 
Kalidia; 
Katatonia; 
Kate Bush; 
KC & The Sunshine Band; 
Kelly Clarkson; 
Kenny Loggins; 
Killswitch Engage; 
King Diamond; 
Kings of Leon; 
Korn; 
Korpiklaani; 
Kreator; 
Krokus; 
Kvelertak; 
Kylesa; 
Kylie Minogue; 
Kyuss; 
Lacuna Coil; 
Lamb of God; 
Laura Branigan; 
Leah; 
LeAnn Rimes; 
Leaves' Eyes; 
Led Zeppelin; 
Lena Scissorhands; 
Leo Sayer; 
Leprous; 
Liam Gallagher; 
Life Of Agony; 
Like A Storm; 
Linkin Park; 
Lion's Share; 
Lit; 
Lita Ford; 
Living Colour; 
Lizzy Borden; 
Lordi; 
Los Lobos; 
Lost Society; 
Lou Reed; 
Lupe Fiasco; 
Lzzy Hale; 
M People; 
Machine Gun Kelly; 
Machine Head; 
Macklemore & Ryan Lewis; 
Macy Gray; 
Mad Season; 
Madness; 
Madonna; 
Magnus Karlsson�s Free Fall; 
Majestica; 
Manic Street Preachers; 
Manntra; 
Manowar; 
Marc Cohn; 
Mariah Carey; 
Marilyn Manson; 
Mark Ronson; 
Marvin Gaye; 
Mary Lambert; 
Masha Scream; 
Mastodon; 
Matchbox Twenty; 
Meat Loaf; 
Megadeth; 
Megaraptor; 
Memoremains; 
Memories Of Old; 
Men At Work; 
Mercyful Fate; 
Meshuggah; 
Metal Church; 
Metalite; 
Metallica; 
Mezmerized; 
MGMT; 
Michael Jackson; 
Michael Schenker Group; 
Michael Starr; 
Mick Jagger; 
Midnight Oil; 
Mike & The Mechanics; 
Mike Scott; 
Ministry; 
Missy Elliott; 
Modest Mouse; 
Monica; 
Mono Inc.; 
Moonlight Haze; 
Moonspell; 
MoonSun; 
Morbid Angel; 
M?tley Cr?e; 
Mot?rhead; 
Moving Pictures; 
Mudvayne; 
Municipal Waste; 
Muse; 
My Chemical Romance; 
Myrkur; 
Mystic Prophecy; 
Mystique; 
NanowaR of Steel; 
Napalm Death; 
Natalie Imbruglia; 
Nazareth; 
Neil Young; 
Neneh Cherry; 
Neurosis; 
Nevermore; 
New Kids On The Block; 
New Order; 
Nick Cave & The Bad Seeds; 
Nickelback; 
Night Demon; 
Nightwish; 
Noora Louhimo Experience; 
Nothgard; 
Nothing But Thieves; 
Oasis; 
Obituary; 
Oceans; 
Oceans of Slumber; 
ODC; 
Of Mice & Men; 
One Desire; 
Onslaught; 
Opeth; 
Orden Ogan; 
Orianthi; 
Outkast; 
Overkill; 
Ozzy Osbourne; 
P.O.D.; 
Panic! At The Disco; 
Pantera; 
Papa Roach; 
Paradise Lost; 
Paramore; 
Parkway Drive; 
Patti LaBelle; 
Patti Smith; 
Paul Kelly; 
Paul Lekakis; 
Paul McCartney; 
Paul Simon; 
Paul Young; 
Pearl Jam; 
Percy Sledge; 
Periphery; 
Peter Cetera; 
Phantom Elite; 
Phil Collins; 
Pink Floyd; 
Poppy; 
Porno for Pyros; 
Possessed; 
Post Malone; 
Power Trip; 
Powerwolf; 
Praying Mantis; 
Pretenders; 
Pretty Maids; 
Primal Fear; 
Prince; 
Prong; 
Queens of the Stone Age; 
Queensr?che; 
Quentin Cornet; 
Quiet Riot; 
R. Kelly; 
Rage Against The Machine; 
Ramones; 
Ratt; 
Rave The Reqviem; 
Raven; 
Real Life; 
Red Fang; 
Red Hot Chili Peppers; 
Redgum; 
RedHook; 
Reel Big Fish; 
Regurgitator; 
Reliqa; 
Renan Zonta; 
REO Speedwagon; 
Rhapsody Of Fire; 
Rick Springfield; 
Rico; 
Right Said Fred; 
Riot; 
Rival Sons; 
Rivers of Nihil; 
Roachford; 
Rob Halford; 
Rob Thomas; 
Robert Downey Jr.; 
Robert Palmer; 
Robert Plant; 
Rod Stewart; 
Roxette; 
Roy Orbison; 
Royal Blood; 
Royal Philharmonic Orchestra; 
Running Wild; 
Sabaton; 
Sacred Reich; 
Sade; 
SAMI YLI-SIRNIO; 
Sananda Maitreya; 
Santana; 
Saor; 
Satan; 
Savage Garden; 
Savage Messiah; 
Savatage; 
Saxon; 
SCARLET; 
Scorpions; 
Screaming Trees; 
Seal; 
Seals and Crofts; 
Semblant; 
September Mourning; 
Sepultura; 
Seven Mary Three; 
Sevendust; 
Shining Black; 
Sia; 
Silverchair; 
Simon & Garfunkel; 
Simple Plan; 
Simply Red; 
Sin?ad O'Connor; 
Sirenia; 
Sister Sledge; 
Skarlett Riot; 
Skid Row; 
Skindred; 
Skunk Anansie; 
Skyhooks; 
Slaughter to Prevail; 
Sleep; 
Slipknot; 
Snow White Blood; 
Sodom; 
Soen; 
Soil; 
Soilwork; 
Sonia Dada; 
Sonny & Cher; 
Sons Of Apollo; 
Sophie B. Hawkins; 
Soul Asylum; 
Soulfly; 
Soulspell; 
Spacehog; 
Spandau Ballet; 
Spin Doctors; 
Spineshank; 
Spiritbox; 
Sponge; 
Stabbing Westward; 
Staind; 
Static-X; 
Stevie Nicks; 
Stimmgewalt; 
Stitched Up Heart; 
Stone Sour; 
Stone Temple Pilots; 
Storm Seeker; 
Strapping Young Lad; 
Stratovarius; 
Stryper; 
Sugar Ray; 
Suicidal Tendencies; 
Suicide Silence; 
Sunnyboys; 
Supergrass; 
Survivor; 
Svalbard; 
Sweet; 
System Of A Down; 
Tal Bachman; 
Talking Heads; 
Tandra; 
Taproot; 
Ted Nugent; 
Tenacious D; 
Testament; 
Thaehan; 
The Animals; 
The Ataris; 
The B-52's; 
The Badloves; 
The Bangles; 
The Black Dahlia Murder; 
The Black Keys; 
The Cars; 
The Chicks; 
The Clash; 
The Cure; 
The Dark Element; 
The Darkness; 
The Doobie Brothers; 
The Doors; 
The Dream Academy; 
The Emotions; 
The Faim; 
The Flaming Lips; 
The Flys; 
The Furious Five; 
The Goo Goo Dolls; 
The Haunted; 
The Hives; 
The Jacksons; 
The Kinks; 
The Lightbringer of Sweden; 
The Living End; 
The Lovin' Spoonful; 
The Monkees; 
The Offspring; 
The Outfield; 
The Pointer Sisters; 
The Presidents Of The United States Of America; 
The Proclaimers; 
The Raconteurs; 
The Raven Age; 
The Rembrandts; 
The Rods; 
The Romantics; 
The Smiths; 
The Specials; 
THE SPORTS; 
The Stone Roses; 
The Stranglers; 
The Strokes; 
The Sugarhill Gang; 
The Temper Trap; 
The Used; 
The Verve Pipe; 
The Waterboys; 
Theory of a Deadman; 
Third Eye Blind; 
Three Days Grace; 
Thrice; 
Timbaland; 
Tina Arena; 
Tina Turner; 
TLC; 
Toad The Wet Sprocket; 
Tokyo Blade; 
Tomorrow Is Lost; 
TOOL; 
Tori Amos; 
TOTO; 
Tracy Chapman; 
Train; 
Triptykon; 
Trivium; 
Troy Sanders; 
Tungsten; 
Turisas; 
Twenty One Pilots; 
Twisted Sister; 
Tygers Of Pan Tang; 
Type O Negative; 
T?r; 
U.D.O.; 
U.S.A. For Africa; 
UB40; 
Underworld; 
Unleash The Archers; 
Upon A Burning Body; 
Van Halen; 
Van Morrison; 
Vance Joy; 
Vanilla Ice; 
Various Artists; 
Velvet Revolver; 
Venom; 
Vicky Psarakis; 
Village People; 
Viscera; 
Vision Of Disorder; 
Visions of Atlantis; 
Volbeat; 
Volturian; 
W.A.S.P.; 
Walls of Jericho; 
Warrant; 
Warren Zevon; 
Wendy Matthews; 
Wham!; 
Wheel; 
While She Sleeps; 
White Lion; 
Whitechapel; 
Whitesnake; 
Whitney Houston; 
Wild Cherry; 
Wind Rose; 
Winger; 
Within Temptation; 
World Party; 
Yes; 
You Am I; 
Youssou N'Dour; 
ZZ Top; 
